scientificName,Subgenus
Eucalyptus curtisii,Acerosae
Eucalyptus microcorys,Alveolata
Eucalyptus costata,Angophora
Eucalyptus subser. Melanoxylon,Angophora
Eucalyptus leiocarpa,Angophora
Eucalyptus peninsularis,Corymbia
Eucalyptus gummifera,Corymbia
Eucalyptus aparrerinja,Corymbia
Eucalyptus citriodora,Corymbia
Eucalyptus aspera,Corymbia
Eucalyptus polycarpa,Corymbia
Eucalyptus tumescens,Corymbia
Eucalyptus latifolia,Corymbia
Eucalyptus ferruginea,Corymbia
Eucalyptus hamersleyana,Corymbia
Eucalyptus confertiflora,Corymbia
Eucalyptus dolichocarpa,Corymbia
Eucalyptus stockeri,Corymbia
Eucalyptus sphaerica,Corymbia
Eucalyptus tenuipes,Cuboidea
Eucalyptus racemosa,Eucalyptus
Eucalyptus radiata,Eucalyptus
Eucalyptus megacarpa,Eucalyptus
Eucalyptus todtiana,Eucalyptus
Eucalyptus willisii,Eucalyptus
Eucalyptus serraensis,Eucalyptus
Eucalyptus dives,Eucalyptus
Eucalyptus paliformis,Eucalyptus
Eucalyptus stricta,Eucalyptus
Eucalyptus umbra,Eucalyptus
Eucalyptus patens,Eucalyptus
Eucalyptus mitchelliana,Eucalyptus
Eucalyptus croajingolensis,Eucalyptus
Eucalyptus luehmanniana,Eucalyptus
Eucalyptus rossii,Eucalyptus
Eucalyptus remota,Eucalyptus
Eucalyptus delegatensis,Eucalyptus
Eucalyptus globoidea,Eucalyptus
Eucalyptus buprestium,Eucalyptus
Eucalyptus oreades,Eucalyptus
Eucalyptus diversifolia,Eucalyptus
Eucalyptus moorei,Eucalyptus
Eucalyptus sparsifolia,Eucalyptus
Eucalyptus capitellata,Eucalyptus
Eucalyptus haemastoma,Eucalyptus
Eucalyptus kybeanensis,Eucalyptus
Eucalyptus pilularis,Eucalyptus
Eucalyptus agglomerata,Eucalyptus
Eucalyptus jacksonii,Eucalyptus
Eucalyptus pauciflora,Eucalyptus
Eucalyptus piperita,Eucalyptus
Eucalyptus staeri,Eucalyptus
Eucalyptus camfieldii,Eucalyptus
Eucalyptus stellulata,Eucalyptus
Eucalyptus elata,Eucalyptus
Eucalyptus coronata,Eucalyptus
Eucalyptus sepulcralis,Eucalyptus
Eucalyptus burgessiana,Eucalyptus
Eucalyptus acmenoides,Eucalyptus
Eucalyptus muelleriana,Eucalyptus
Eucalyptus consideniana,Eucalyptus
Eucalyptus mackintii,Eucalyptus
Eucalyptus arenacea,Eucalyptus
Eucalyptus fastigata,Eucalyptus
Eucalyptus verrucata,Eucalyptus
Eucalyptus tindaliae,Eucalyptus
Eucalyptus conglomerata,Eucalyptus
Eucalyptus eugenioides,Eucalyptus
Eucalyptus apothalassica,Eucalyptus
Eucalyptus andrewsii,Eucalyptus
Eucalyptus youmanii,Eucalyptus
Eucalyptus carnea,Eucalyptus
Eucalyptus sphaerocarpa,Eucalyptus
Eucalyptus planchoniana,Eucalyptus
Eucalyptus caliginosa,Eucalyptus
Eucalyptus cameronii,Eucalyptus
Eucalyptus williamsiana,Eucalyptus
Eucalyptus laevopinea,Eucalyptus
Eucalyptus ligustrina,Eucalyptus
Eucalyptus preissiana,Eucalyptus
Eucalyptus insularis,Eucalyptus
Eucalyptus dendromorpha,Eucalyptus
Eucalyptus pyrocarpa,Eucalyptus
Eucalyptus marginata,Eucalyptus
Eucalyptus triflora,Eucalyptus
Eucalyptus tenella,Eucalyptus
Eucalyptus multicaulis,Eucalyptus
Eucalyptus erectifolia,Eucalyptus
Eucalyptus mckieana,Eucalyptus
Eucalyptus imitans,Eucalyptus
Eucalyptus calcicola,Eucalyptus
Eucalyptus lacrimans,Eucalyptus
Eucalyptus stenostoma,Eucalyptus
Eucalyptus pachyloma,Eucalyptus
Eucalyptus aquilina,Eucalyptus
Eucalyptus langleyi,Eucalyptus
Eucalyptus dolorosa,Eucalyptus
Eucalyptus pendens,Eucalyptus
Eucalyptus apiculata,Eucalyptus
Eucalyptus gregsoniana,Eucalyptus
Eucalyptus brevistylis,Eucalyptus
Eucalyptus olsenii,Eucalyptus
Eucalyptus cunninghamii,Eucalyptus
Eucalyptus johnsoniana,Eucalyptus
Eucalyptus psammitica,Eucalyptus
Eucalyptus olida,Eucalyptus
Eucalyptus deuaensis,Eucalyptus
Eucalyptus acies,Eucalyptus
Eucalyptus angularis,Eucalyptus
Eucalyptus ligulata,Eucalyptus
Eucalyptus bensonii,Eucalyptus
Eucalyptus baxteri,Eucalyptus
Eucalyptus blaxlandii,Eucalyptus
Eucalyptus fraxinoides,Eucalyptus
Eucalyptus exilis,Eucalyptus
Eucalyptus approximans,Eucalyptus
Eucalyptus nebulosa,Eucalyptus
Eucalyptus macrorhyncha,Eucalyptus
Eucalyptus falciformis,Eucalyptus
Eucalyptus arenicola,Eucalyptus
Eucalyptus victoriana,Eucalyptus
Eucalyptus ornans,Eucalyptus
Eucalyptus aurifodina,Eucalyptus
Eucalyptus campanulata,Eucalyptus
Eucalyptus latisinensis,Eucalyptus
Eucalyptus mediocris,Eucalyptus
Eucalyptus helidonica,Eucalyptus
Eucalyptus platydisca,Eucalyptus
Eucalyptus suberea,Eucalyptus
Eucalyptus codonocarpa,Eucalyptus
Eucalyptus erosa,Eucalyptus
Eucalyptus ser. Radiatae,Eucalyptus
Eucalyptus lindleyana,Eucalyptus
Eucalyptus verrucosa,Eucalyptus
Eucalyptus copulans,Eucalyptus
Eucalyptus robertsonii,Eucalyptus
Eucalyptus boliviana,Eucalyptus
Eucalyptus ambigua,Eucalyptus
Eucalyptus sect. Eucalyptus,Eucalyptus
Eucalyptus molyneuxii,Eucalyptus
Eucalyptus expressa,Eucalyptus
Eucalyptus serpentinicola,Eucalyptus
Eucalyptus tasmaniensis,Eucalyptus
Eucalyptus yangoura,Eucalyptus
Eucalyptus spectatrix,Eucalyptus
Eucalyptus oblonga,Eucalyptus
Eucalyptus niphophila,Eucalyptus
Eucalyptus debeuzevillei,Eucalyptus
Eucalyptus alpina,Eucalyptus
Eucalyptus urceolaris,Eucalyptus
Eucalyptus subtilior,Eucalyptus
Eucalyptus sclerophylla,Eucalyptus
Eucalyptus laophila,Eucalyptus
Eucalyptus uvida,Eucalyptus
Eucalyptus obstans,Eucalyptus
Eucalyptus cannonii,Eucalyptus
Eucalyptus prominula,Eucalyptus
Eucalyptus signata,Eucalyptus
Eucalyptus microcodon,Eucalyptus
Eucalyptus reducta,Eucalyptus
Eucalyptus capitellata--camfieldii,Eucalyptus
Eucalyptus dissita,Eucalyptus
Eucalyptus ralla,Eucalyptus
Eucalyptus lateritica,Eucalyptus
Eucalyptus jacksoniana,Eucalyptus
Eucalyptus mensalis,Eucalyptus
Eucalyptus hedraia,Eucalyptus
Eucalyptus sp. aff. stricta,Eucalyptus
Eucalyptus marginata ssp marginata<->pachyloma ssp pachyloma,Eucalyptus
Eucalyptus marginata ssp marginata<->pachyloma ssp crassipes,Eucalyptus
Eucalyptus apiculata - stricta,Eucalyptus
Eucalyptus debeuzevillei <--> niphophila <--> pauciflora,Eucalyptus
Eucalyptus macrorhyncha <--> subtilior,Eucalyptus
Eucalyptus curta,Eucalyptus
Eucalyptus subcaerulea,Eucalyptus
Eucalyptus montivaga,Eucalyptus
Eucalyptus phaeotricha,Eucalyptus
Eucalyptus phoenix,Eucalyptus
Eucalyptus jucunda,Eudesmia
Eucalyptus erythrocorys,Eudesmia
Eucalyptus pleurocarpa,Eudesmia
Eucalyptus tetrodonta,Eudesmia
Eucalyptus gamophylla,Eudesmia
Eucalyptus eudesmioides,Eudesmia
Eucalyptus roycei,Eudesmia
Eucalyptus miniata,Eudesmia
Eucalyptus gittinsii,Eudesmia
Eucalyptus baileyana,Eudesmia
Eucalyptus similis,Eudesmia
Eucalyptus phoenicea,Eudesmia
Eucalyptus lirata,Eudesmia
Eucalyptus ceracea,Eudesmia
Eucalyptus conveniens,Eudesmia
Eucalyptus gigantangion,Eudesmia
Eucalyptus odontocarpa,Eudesmia
Eucalyptus gongylocarpa,Eudesmia
Eucalyptus ebbanoensis,Eudesmia
Eucalyptus eudesmioides,Eudesmia
Eucalyptus chartaboma,Eudesmia
Eucalyptus megasepala,Eudesmia
Eucalyptus extrica,Eudesmia
Eucalyptus eudesmioides var. eudesmioides,Eudesmia
Eucalyptus tetragona,Eudesmia
Eucalyptus sp. Kalbarri (M.I.H.Brooker 7937),Eudesmia
Eucalyptus selachiana,Eudesmia
Eucalyptus pallida,Eudesmia
Eucalyptus cloeziana,Idiogenes
Eucalyptus portuensis,Idiogenes
Eucalyptus irritans,Idiogenes
Eucalyptus contracta,Idiogenes
Eucalyptus raveretiana,Minutifructus
Eucalyptus deglupta,Minutifructus
Eucalyptus brachyandra,Minutifructus
Eucalyptus howittiana,Minutifructus
Eucalyptus obliqua,Monocalyptus
Eucalyptus delegatensis subsp. tasmaniensis,Monocalyptus
Eucalyptus amygdalina,Monocalyptus
Eucalyptus pauciflora subsp. pauciflora,Monocalyptus
Eucalyptus tenuiramis,Monocalyptus
Eucalyptus risdonii,Monocalyptus
Eucalyptus sieberi,Monocalyptus
Eucalyptus nitida,Monocalyptus
Eucalyptus regnans,Monocalyptus
Eucalyptus coccifera,Monocalyptus
Eucalyptus pulchella,Monocalyptus
Eucalyptus rubiginosa,Primitiva
Eucalyptus chloroclada,Symphyomyrtus
Eucalyptus microcarpa,Symphyomyrtus
Eucalyptus populnea,Symphyomyrtus
Eucalyptus melliodora,Symphyomyrtus
Eucalyptus camaldulensis,Symphyomyrtus
Eucalyptus globulus subsp. globulus,Symphyomyrtus
Eucalyptus yumbarrana,Symphyomyrtus
Eucalyptus johnstonii,Symphyomyrtus
Eucalyptus subcrenulata,Symphyomyrtus
Eucalyptus rodwayi,Symphyomyrtus
Eucalyptus morrisbyi,Symphyomyrtus
Eucalyptus perriniana,Symphyomyrtus
Eucalyptus dalrympleana subsp. dalrympleana,Symphyomyrtus
Eucalyptus bridgesiana,Symphyomyrtus
Eucalyptus globulus,Symphyomyrtus
Eucalyptus salubris,Symphyomyrtus
Eucalyptus torquata,Symphyomyrtus
Eucalyptus vernicosa,Symphyomyrtus
Eucalyptus brookeriana,Symphyomyrtus
Eucalyptus barberi,Symphyomyrtus
Eucalyptus urnigera,Symphyomyrtus
Eucalyptus baeuerlenii,Symphyomyrtus
Eucalyptus longicornis,Symphyomyrtus
Eucalyptus coolabah,Symphyomyrtus
Eucalyptus archeri,Symphyomyrtus
Eucalyptus leptophylla,Symphyomyrtus
Eucalyptus conglobata,Symphyomyrtus
Eucalyptus calycogona,Symphyomyrtus
Eucalyptus viminalis,Symphyomyrtus
Eucalyptus ovata var. ovata,Symphyomyrtus
Eucalyptus ovata var. grandiflora,Symphyomyrtus
Eucalyptus ovata,Symphyomyrtus
Eucalyptus steedmanii,Symphyomyrtus
Eucalyptus cordata,Symphyomyrtus
Eucalyptus gunnii,Symphyomyrtus
Eucalyptus wandoo,Symphyomyrtus
Eucalyptus erythronema,Symphyomyrtus
Eucalyptus pulverulenta,Symphyomyrtus
Eucalyptus oldfieldii,Symphyomyrtus
Eucalyptus lehmannii,Symphyomyrtus
Eucalyptus tricarpa,Symphyomyrtus
Eucalyptus accedens,Symphyomyrtus
Eucalyptus gracilis,Symphyomyrtus
Eucalyptus orbifolia,Symphyomyrtus
Eucalyptus largiflorens,Symphyomyrtus
Eucalyptus ovularis,Symphyomyrtus
Eucalyptus oleosa,Symphyomyrtus
Eucalyptus salmonophloia,Symphyomyrtus
Eucalyptus nitens,Symphyomyrtus
Eucalyptus nortonii,Symphyomyrtus
Eucalyptus rudis,Symphyomyrtus
Eucalyptus grandis,Symphyomyrtus
Eucalyptus dumosa,Symphyomyrtus
Eucalyptus lesouefii,Symphyomyrtus
Eucalyptus campaspe,Symphyomyrtus
Eucalyptus concinna,Symphyomyrtus
Eucalyptus porosa,Symphyomyrtus
Eucalyptus cypellocarpa,Symphyomyrtus
Eucalyptus ewartiana,Symphyomyrtus
Eucalyptus botryoides,Symphyomyrtus
Eucalyptus tetraptera,Symphyomyrtus
Eucalyptus cosmophylla,Symphyomyrtus
Eucalyptus crenulata,Symphyomyrtus
Eucalyptus occidentalis,Symphyomyrtus
Eucalyptus lansdowneana,Symphyomyrtus
Eucalyptus fraseri,Symphyomyrtus
Eucalyptus incrassata,Symphyomyrtus
Eucalyptus bigalerita,Symphyomyrtus
Eucalyptus cornuta,Symphyomyrtus
Eucalyptus calcareana,Symphyomyrtus
Eucalyptus canaliculata,Symphyomyrtus
Eucalyptus goniantha,Symphyomyrtus
Eucalyptus uncinata,Symphyomyrtus
Eucalyptus eremophila,Symphyomyrtus
Eucalyptus denticulata,Symphyomyrtus
Eucalyptus rubida,Symphyomyrtus
Eucalyptus polyanthemos,Symphyomyrtus
Eucalyptus viridis,Symphyomyrtus
Eucalyptus spathulata,Symphyomyrtus
Eucalyptus sheathiana,Symphyomyrtus
Eucalyptus dalrympleana,Symphyomyrtus
Eucalyptus yalatensis,Symphyomyrtus
Eucalyptus eremicola,Symphyomyrtus
Eucalyptus petiolaris,Symphyomyrtus
Eucalyptus angulosa,Symphyomyrtus
Eucalyptus kitsoniana,Symphyomyrtus
Eucalyptus salicola,Symphyomyrtus
Eucalyptus melanophloia,Symphyomyrtus
Eucalyptus percostata,Symphyomyrtus
Eucalyptus dura,Symphyomyrtus
Eucalyptus decurva,Symphyomyrtus
Eucalyptus prominens,Symphyomyrtus
Eucalyptus flocktoniae,Symphyomyrtus
Eucalyptus dealbata,Symphyomyrtus
Eucalyptus robusta,Symphyomyrtus
Eucalyptus stoatei,Symphyomyrtus
Eucalyptus crucis,Symphyomyrtus
Eucalyptus glaucescens,Symphyomyrtus
Eucalyptus longifolia,Symphyomyrtus
Eucalyptus burdettiana,Symphyomyrtus
Eucalyptus drummondii,Symphyomyrtus
Eucalyptus aggregata,Symphyomyrtus
Eucalyptus cylindriflora,Symphyomyrtus
Eucalyptus depauperata,Symphyomyrtus
Eucalyptus stricklandii,Symphyomyrtus
Eucalyptus laeliae,Symphyomyrtus
Eucalyptus obtusiflora,Symphyomyrtus
Eucalyptus cylindrocarpa,Symphyomyrtus
Eucalyptus crebra,Symphyomyrtus
Eucalyptus paniculata,Symphyomyrtus
Eucalyptus rigidula,Symphyomyrtus
Eucalyptus yarraensis,Symphyomyrtus
Eucalyptus griffithsii,Symphyomyrtus
Eucalyptus corrugata,Symphyomyrtus
Eucalyptus saligna,Symphyomyrtus
Eucalyptus horistes,Symphyomyrtus
Eucalyptus smithii,Symphyomyrtus
Eucalyptus tephroclada,Symphyomyrtus
Eucalyptus kondininensis,Symphyomyrtus
Eucalyptus tereticornis,Symphyomyrtus
Eucalyptus nova-anglica,Symphyomyrtus
Eucalyptus transcontinentalis,Symphyomyrtus
Eucalyptus parvula,Symphyomyrtus
Eucalyptus blakelyi,Symphyomyrtus
Eucalyptus gillii,Symphyomyrtus
Eucalyptus odorata,Symphyomyrtus
Eucalyptus foecunda,Symphyomyrtus
Eucalyptus albens,Symphyomyrtus
Eucalyptus lockyeri,Symphyomyrtus
Eucalyptus platycorys,Symphyomyrtus
Eucalyptus macarthurii,Symphyomyrtus
Eucalyptus punctata,Symphyomyrtus
Eucalyptus falcata,Symphyomyrtus
Eucalyptus caesia,Symphyomyrtus
Eucalyptus dolichorhyncha,Symphyomyrtus
Eucalyptus socialis,Symphyomyrtus
Eucalyptus lucasii,Symphyomyrtus
Eucalyptus myriadena,Symphyomyrtus
Eucalyptus cinerea,Symphyomyrtus
Eucalyptus aromaphloia,Symphyomyrtus
Eucalyptus cephalocarpa,Symphyomyrtus
Eucalyptus mannifera,Symphyomyrtus
Eucalyptus leucophloia,Symphyomyrtus
Eucalyptus brockwayi,Symphyomyrtus
Eucalyptus celastroides,Symphyomyrtus
Eucalyptus resinifera,Symphyomyrtus
Eucalyptus dwyeri,Symphyomyrtus
Eucalyptus siderophloia,Symphyomyrtus
Eucalyptus leptopoda,Symphyomyrtus
Eucalyptus strzeleckii,Symphyomyrtus
Eucalyptus baueriana,Symphyomyrtus
Eucalyptus angophoroides,Symphyomyrtus
Eucalyptus conspicua,Symphyomyrtus
Eucalyptus neglecta,Symphyomyrtus
Eucalyptus polybractea,Symphyomyrtus
Eucalyptus froggattii,Symphyomyrtus
Eucalyptus behriana,Symphyomyrtus
Eucalyptus chapmaniana,Symphyomyrtus
Eucalyptus fasciculosa,Symphyomyrtus
Eucalyptus cyanophylla,Symphyomyrtus
Eucalyptus bosistoana,Symphyomyrtus
Eucalyptus cadens,Symphyomyrtus
Eucalyptus splendens,Symphyomyrtus
Eucalyptus gomphocephala,Symphyomyrtus
Eucalyptus newbeyi,Symphyomyrtus
Eucalyptus gardneri,Symphyomyrtus
Eucalyptus astringens,Symphyomyrtus
Eucalyptus forrestiana,Symphyomyrtus
Eucalyptus conferruminata,Symphyomyrtus
Eucalyptus woodwardii,Symphyomyrtus
Eucalyptus megacornuta,Symphyomyrtus
Eucalyptus propinqua,Symphyomyrtus
Eucalyptus platyphylla,Symphyomyrtus
Eucalyptus moluccana,Symphyomyrtus
Eucalyptus fibrosa,Symphyomyrtus
Eucalyptus longirostrata,Symphyomyrtus
Eucalyptus terrica,Symphyomyrtus
Eucalyptus major,Symphyomyrtus
Eucalyptus hallii,Symphyomyrtus
Eucalyptus cambageana,Symphyomyrtus
Eucalyptus suffulgens,Symphyomyrtus
Eucalyptus cullenii,Symphyomyrtus
Eucalyptus seeana,Symphyomyrtus
Eucalyptus decorticans,Symphyomyrtus
Eucalyptus bancroftii,Symphyomyrtus
Eucalyptus decolor,Symphyomyrtus
Eucalyptus deanei,Symphyomyrtus
Eucalyptus dunnii,Symphyomyrtus
Eucalyptus tholiformis,Symphyomyrtus
Eucalyptus brownii,Symphyomyrtus
Eucalyptus rhombica,Symphyomyrtus
Eucalyptus bakeri,Symphyomyrtus
Eucalyptus orgadophila,Symphyomyrtus
Eucalyptus melanoleuca,Symphyomyrtus
Eucalyptus corynodes,Symphyomyrtus
Eucalyptus prava,Symphyomyrtus
Eucalyptus infera,Symphyomyrtus
Eucalyptus argophloia,Symphyomyrtus
Eucalyptus granitica,Symphyomyrtus
Eucalyptus brassiana,Symphyomyrtus
Eucalyptus atrata,Symphyomyrtus
Eucalyptus virens,Symphyomyrtus
Eucalyptus thozetiana,Symphyomyrtus
Eucalyptus microtheca,Symphyomyrtus
Eucalyptus conica,Symphyomyrtus
Eucalyptus interstans,Symphyomyrtus
Eucalyptus leptophleba,Symphyomyrtus
Eucalyptus quadricostata,Symphyomyrtus
Eucalyptus panda,Symphyomyrtus
Eucalyptus ochrophloia,Symphyomyrtus
Eucalyptus normantonensis,Symphyomyrtus
Eucalyptus taurina,Symphyomyrtus
Eucalyptus ammophila,Symphyomyrtus
Eucalyptus pellita,Symphyomyrtus
Eucalyptus kabiana,Symphyomyrtus
Eucalyptus notabilis,Symphyomyrtus
Eucalyptus michaeliana,Symphyomyrtus
Eucalyptus acroleuca,Symphyomyrtus
Eucalyptus persistens,Symphyomyrtus
Eucalyptus quadrangulata,Symphyomyrtus
Eucalyptus shirleyi,Symphyomyrtus
Eucalyptus herbertiana,Symphyomyrtus
Eucalyptus ordiana,Symphyomyrtus
Eucalyptus kruseana,Symphyomyrtus
Eucalyptus ignorabilis,Symphyomyrtus
Eucalyptus websteriana,Symphyomyrtus
Eucalyptus alba var. australasica,Symphyomyrtus
Eucalyptus alba var. alba,Symphyomyrtus
Eucalyptus alba,Symphyomyrtus
Eucalyptus diversicolor,Symphyomyrtus
Eucalyptus amplifolia,Symphyomyrtus
Eucalyptus flavida,Symphyomyrtus
Eucalyptus chlorophylla,Symphyomyrtus
Eucalyptus pruinosa,Symphyomyrtus
Eucalyptus confluens,Symphyomyrtus
Eucalyptus brevifolia,Symphyomyrtus
Eucalyptus camphora,Symphyomyrtus
Eucalyptus burracoppinensis,Symphyomyrtus
Eucalyptus cneorifolia,Symphyomyrtus
Eucalyptus macrocarpa,Symphyomyrtus
Eucalyptus caleyi,Symphyomyrtus
Eucalyptus nicholii,Symphyomyrtus
Eucalyptus pyriformis,Symphyomyrtus
Eucalyptus tectifica,Symphyomyrtus
Eucalyptus apodophylla,Symphyomyrtus
Eucalyptus oligantha,Symphyomyrtus
Eucalyptus patellaris,Symphyomyrtus
Eucalyptus phaenophylla,Symphyomyrtus
Eucalyptus rhodantha,Symphyomyrtus
Eucalyptus decipiens,Symphyomyrtus
Eucalyptus pachyphylla,Symphyomyrtus
Eucalyptus scoparia,Symphyomyrtus
Eucalyptus macrandra,Symphyomyrtus
Eucalyptus flindersii,Symphyomyrtus
Eucalyptus argillacea,Symphyomyrtus
Eucalyptus vegrandis,Symphyomyrtus
Eucalyptus oraria,Symphyomyrtus
Eucalyptus pluricaulis,Symphyomyrtus
Eucalyptus hebetifolia,Symphyomyrtus
Eucalyptus albida,Symphyomyrtus
Eucalyptus grossa,Symphyomyrtus
Eucalyptus talyuberlup,Symphyomyrtus
Eucalyptus tintinnans,Symphyomyrtus
Eucalyptus rupestris,Symphyomyrtus
Eucalyptus subangusta,Symphyomyrtus
Eucalyptus rugosa,Symphyomyrtus
Eucalyptus sturgissiana,Symphyomyrtus
Eucalyptus elliptica,Symphyomyrtus
Eucalyptus redunca,Symphyomyrtus
Eucalyptus staigeriana,Symphyomyrtus
Eucalyptus paedoglauca,Symphyomyrtus
Eucalyptus pterocarpa,Symphyomyrtus
Eucalyptus gypsophila,Symphyomyrtus
Eucalyptus nobilis,Symphyomyrtus
Eucalyptus baudiniana,Symphyomyrtus
Eucalyptus zopherophloia,Symphyomyrtus
Eucalyptus morrisii,Symphyomyrtus
Eucalyptus sessilis,Symphyomyrtus
Eucalyptus glomerosa,Symphyomyrtus
Eucalyptus cuprea,Symphyomyrtus
Eucalyptus imlayensis,Symphyomyrtus
Eucalyptus argutifolia,Symphyomyrtus
Eucalyptus articulata,Symphyomyrtus
Eucalyptus litorea,Symphyomyrtus
Eucalyptus merrickiae,Symphyomyrtus
Eucalyptus petraea,Symphyomyrtus
Eucalyptus vicina,Symphyomyrtus
Eucalyptus synandra,Symphyomyrtus
Eucalyptus formanii,Symphyomyrtus
Eucalyptus creta,Symphyomyrtus
Eucalyptus sparsa,Symphyomyrtus
Eucalyptus rudderi,Symphyomyrtus
Eucalyptus fruticosa,Symphyomyrtus
Eucalyptus histophylla,Symphyomyrtus
Eucalyptus pimpiniana,Symphyomyrtus
Eucalyptus retinens,Symphyomyrtus
Eucalyptus rameliana,Symphyomyrtus
Eucalyptus leucophylla,Symphyomyrtus
Eucalyptus jimberlanica,Symphyomyrtus
Eucalyptus acaciiformis,Symphyomyrtus
Eucalyptus stowardii,Symphyomyrtus
Eucalyptus tortilis,Symphyomyrtus
Eucalyptus nandewarica,Symphyomyrtus
Eucalyptus terebra,Symphyomyrtus
Eucalyptus aspratilis,Symphyomyrtus
Eucalyptus misella,Symphyomyrtus
Eucalyptus umbrawarrensis,Symphyomyrtus
Eucalyptus ornata,Symphyomyrtus
Eucalyptus fusiformis,Symphyomyrtus
Eucalyptus ceratocorys,Symphyomyrtus
Eucalyptus semota,Symphyomyrtus
Eucalyptus sicilifolia,Symphyomyrtus
Eucalyptus badjensis,Symphyomyrtus
Eucalyptus mooreana,Symphyomyrtus
Eucalyptus guilfoylei,Symphyomyrtus
Eucalyptus dorrigoensis,Symphyomyrtus
Eucalyptus ophitica,Symphyomyrtus
Eucalyptus gillenii,Symphyomyrtus
Eucalyptus youngiana,Symphyomyrtus
Eucalyptus ancophila,Symphyomyrtus
Eucalyptus carnei,Symphyomyrtus
Eucalyptus semiglobosa,Symphyomyrtus
Eucalyptus cupularis,Symphyomyrtus
Eucalyptus largeana,Symphyomyrtus
Eucalyptus diptera,Symphyomyrtus
Eucalyptus koolpinensis,Symphyomyrtus
Eucalyptus ravida,Symphyomyrtus
Eucalyptus kingsmillii,Symphyomyrtus
Eucalyptus cyclostoma,Symphyomyrtus
Eucalyptus polita,Symphyomyrtus
Eucalyptus cooperiana,Symphyomyrtus
Eucalyptus livida,Symphyomyrtus
Eucalyptus dundasii,Symphyomyrtus
Eucalyptus rosacea,Symphyomyrtus
Eucalyptus tetrapleura,Symphyomyrtus
Eucalyptus pilbarensis,Symphyomyrtus
Eucalyptus discreta,Symphyomyrtus
Eucalyptus distans,Symphyomyrtus
Eucalyptus houseana,Symphyomyrtus
Eucalyptus microneura,Symphyomyrtus
Eucalyptus corticosa,Symphyomyrtus
Eucalyptus yilgarnensis,Symphyomyrtus
Eucalyptus lucens,Symphyomyrtus
Eucalyptus tenuis,Symphyomyrtus
Eucalyptus obconica,Symphyomyrtus
Eucalyptus beaniana,Symphyomyrtus
Eucalyptus whitei,Symphyomyrtus
Eucalyptus placita,Symphyomyrtus
Eucalyptus pileata,Symphyomyrtus
Eucalyptus scias,Symphyomyrtus
Eucalyptus recurva,Symphyomyrtus
Eucalyptus dawsonii,Symphyomyrtus
Eucalyptus jensenii,Symphyomyrtus
Eucalyptus paludicola,Symphyomyrtus
Eucalyptus foliosa,Symphyomyrtus
Eucalyptus micranthera,Symphyomyrtus
Eucalyptus pruiniramis,Symphyomyrtus
Eucalyptus halophila,Symphyomyrtus
Eucalyptus subtilis,Symphyomyrtus
Eucalyptus tumida,Symphyomyrtus
Eucalyptus olivina,Symphyomyrtus
Eucalyptus effusa,Symphyomyrtus
Eucalyptus latens,Symphyomyrtus
Eucalyptus cretata,Symphyomyrtus
Eucalyptus abdita,Symphyomyrtus
Eucalyptus luteola,Symphyomyrtus
Eucalyptus captiosa,Symphyomyrtus
Eucalyptus absita,Symphyomyrtus
Eucalyptus crispata,Symphyomyrtus
Eucalyptus magnificata,Symphyomyrtus
Eucalyptus benthamii,Symphyomyrtus
Eucalyptus nigrifunda,Symphyomyrtus
Eucalyptus leprophloia,Symphyomyrtus
Eucalyptus urophylla,Symphyomyrtus
Eucalyptus dissimulata,Symphyomyrtus
Eucalyptus wyolensis,Symphyomyrtus
Eucalyptus rigens,Symphyomyrtus
Eucalyptus indurata,Symphyomyrtus
Eucalyptus banksii,Symphyomyrtus
Eucalyptus tenera,Symphyomyrtus
Eucalyptus rummeryi,Symphyomyrtus
Eucalyptus quadrans,Symphyomyrtus
Eucalyptus goniocarpa,Symphyomyrtus
Eucalyptus perangusta,Symphyomyrtus
Eucalyptus brevipes,Symphyomyrtus
Eucalyptus desmondensis,Symphyomyrtus
Eucalyptus arachnaea,Symphyomyrtus
Eucalyptus hypostomatica,Symphyomyrtus
Eucalyptus kumarlensis,Symphyomyrtus
Eucalyptus microschema,Symphyomyrtus
Eucalyptus kartzoffiana,Symphyomyrtus
Eucalyptus cerasiformis,Symphyomyrtus
Eucalyptus aspersa,Symphyomyrtus
Eucalyptus famelica,Symphyomyrtus
Eucalyptus angustissima,Symphyomyrtus
Eucalyptus glaucina,Symphyomyrtus
Eucalyptus annuliformis,Symphyomyrtus
Eucalyptus beardiana,Symphyomyrtus
Eucalyptus obesa,Symphyomyrtus
Eucalyptus lane-poolei,Symphyomyrtus
Eucalyptus nudicaulis,Symphyomyrtus
Eucalyptus clivicola,Symphyomyrtus
Eucalyptus pumila,Symphyomyrtus
Eucalyptus praetermissa,Symphyomyrtus
Eucalyptus aequioperta,Symphyomyrtus
Eucalyptus parramattensis var. sphaerocalyx,Symphyomyrtus
Eucalyptus parramattensis,Symphyomyrtus
Eucalyptus kochii,Symphyomyrtus
Eucalyptus surgens,Symphyomyrtus
Eucalyptus communalis,Symphyomyrtus
Eucalyptus petrensis,Symphyomyrtus
Eucalyptus georgei,Symphyomyrtus
Eucalyptus fracta,Symphyomyrtus
Eucalyptus dielsii,Symphyomyrtus
Eucalyptus suggrandis,Symphyomyrtus
Eucalyptus sargentii,Symphyomyrtus
Eucalyptus melanophitra,Symphyomyrtus
Eucalyptus jutsonii,Symphyomyrtus
Eucalyptus densa,Symphyomyrtus
Eucalyptus capillosa,Symphyomyrtus
Eucalyptus mannensis,Symphyomyrtus
Eucalyptus kessellii,Symphyomyrtus
Eucalyptus varia,Symphyomyrtus
Eucalyptus balladoniensis,Symphyomyrtus
Eucalyptus canescens,Symphyomyrtus
Eucalyptus cladocalyx,Symphyomyrtus
Eucalyptus goniocalyx,Symphyomyrtus
Eucalyptus striaticalyx,Symphyomyrtus
Eucalyptus loxophleba,Symphyomyrtus
Eucalyptus brachycalyx,Symphyomyrtus
Eucalyptus phenax,Symphyomyrtus
Eucalyptus leucoxylon,Symphyomyrtus
Eucalyptus victrix,Symphyomyrtus
Eucalyptus pachycalyx,Symphyomyrtus
Eucalyptus scyphocalyx,Symphyomyrtus
Eucalyptus sideroxylon,Symphyomyrtus
Eucalyptus wilcoxii,Symphyomyrtus
Eucalyptus saxatilis,Symphyomyrtus
Eucalyptus alligatrix,Symphyomyrtus
Eucalyptus intertexta,Symphyomyrtus
Eucalyptus exserta,Symphyomyrtus
Eucalyptus leptocalyx,Symphyomyrtus
Eucalyptus doratoxylon,Symphyomyrtus
Eucalyptus xanthonema,Symphyomyrtus
Eucalyptus oxymitra,Symphyomyrtus
Eucalyptus deflexa,Symphyomyrtus
Eucalyptus malacoxylon,Symphyomyrtus
Eucalyptus melanoxylon,Symphyomyrtus
Eucalyptus exilipes,Symphyomyrtus
Eucalyptus exigua,Symphyomyrtus
Eucalyptus blaxellii,Symphyomyrtus
Eucalyptus ovata,Symphyomyrtus
Eucalyptus ovata,Symphyomyrtus
Eucalyptus alba,Symphyomyrtus
Eucalyptus alba,Symphyomyrtus
Eucalyptus decipiens var. decipiens,Symphyomyrtus
Eucalyptus decipiens,Symphyomyrtus
Eucalyptus rhodantha,Symphyomyrtus
Eucalyptus calycogona,Symphyomyrtus
Eucalyptus parramattensis,Symphyomyrtus
Eucalyptus parramattensis,Symphyomyrtus
Eucalyptus albopurpurea,Symphyomyrtus
Eucalyptus comitae-vallis,Symphyomyrtus
Eucalyptus thamnoides,Symphyomyrtus
Eucalyptus ultima,Symphyomyrtus
Eucalyptus clelandiorum,Symphyomyrtus
Eucalyptus annulata,Symphyomyrtus
Eucalyptus platypus,Symphyomyrtus
Eucalyptus utilis,Symphyomyrtus
Eucalyptus litoralis,Symphyomyrtus
Eucalyptus silvestris,Symphyomyrtus
Eucalyptus fulgens,Symphyomyrtus
Eucalyptus alaticaulis,Symphyomyrtus
Eucalyptus sabulosa,Symphyomyrtus
Eucalyptus wimmerensis,Symphyomyrtus
Eucalyptus hawkeri,Symphyomyrtus
Eucalyptus bunyip,Symphyomyrtus
Eucalyptus filiformis,Symphyomyrtus
Eucalyptus walshii,Symphyomyrtus
Eucalyptus carolaniae,Symphyomyrtus
Eucalyptus yarriambiack,Symphyomyrtus
Eucalyptus pyrenea,Symphyomyrtus
Eucalyptus conferta,Symphyomyrtus
Eucalyptus elaeophloia,Symphyomyrtus
Eucalyptus forresterae,Symphyomyrtus
Eucalyptus woollsiana,Symphyomyrtus
Eucalyptus elegans,Symphyomyrtus
Eucalyptus grisea,Symphyomyrtus
Eucalyptus squamosa,Symphyomyrtus
Eucalyptus cajuputea,Symphyomyrtus
Eucalyptus nutans,Symphyomyrtus
Eucalyptus limitaris,Symphyomyrtus
Eucalyptus tephrodes,Symphyomyrtus
Eucalyptus alatissima,Symphyomyrtus
Eucalyptus vesiculosa,Symphyomyrtus
Eucalyptus longissima,Symphyomyrtus
Eucalyptus mcquoidii,Symphyomyrtus
Eucalyptus trivalva,Symphyomyrtus
Eucalyptus capitanea,Symphyomyrtus
Eucalyptus brandiana,Symphyomyrtus
Eucalyptus frenchiana,Symphyomyrtus
Eucalyptus aquatica,Symphyomyrtus
Eucalyptus recta,Symphyomyrtus
Eucalyptus mimica,Symphyomyrtus
Eucalyptus relicta,Symphyomyrtus
Eucalyptus arborella,Symphyomyrtus
Eucalyptus educta,Symphyomyrtus
Eucalyptus rowleyi,Symphyomyrtus
Eucalyptus vokesensis,Symphyomyrtus
Eucalyptus rugulata,Symphyomyrtus
Eucalyptus annettae,Symphyomyrtus
Eucalyptus purpurata,Symphyomyrtus
Eucalyptus minniritchi,Symphyomyrtus
Eucalyptus provecta,Symphyomyrtus
Eucalyptus vittata,Symphyomyrtus
Eucalyptus retusa,Symphyomyrtus
Eucalyptus distuberosa,Symphyomyrtus
Eucalyptus tardecidens,Symphyomyrtus
Eucalyptus volcanica,Symphyomyrtus
Eucalyptus virginea,Symphyomyrtus
Eucalyptus baiophylla,Symphyomyrtus
Eucalyptus sweedmaniana,Symphyomyrtus
Eucalyptus planipes,Symphyomyrtus
Eucalyptus canobolensis,Symphyomyrtus
Eucalyptus sinuosa,Symphyomyrtus
Eucalyptus hypolaena,Symphyomyrtus
Eucalyptus opimiflora,Symphyomyrtus
Eucalyptus austrina MS,Symphyomyrtus
Eucalyptus repullulans,Symphyomyrtus
Eucalyptus aridimontana,Symphyomyrtus
Eucalyptus beyeriana,Symphyomyrtus
Eucalyptus virella,Symphyomyrtus
Eucalyptus glomericassis,Symphyomyrtus
Eucalyptus optima,Symphyomyrtus
Eucalyptus cernua,Symphyomyrtus
Eucalyptus assimilans,Symphyomyrtus
Eucalyptus protensa,Symphyomyrtus
Eucalyptus improcera,Symphyomyrtus
Eucalyptus pantoleuca,Symphyomyrtus
Eucalyptus notactites,Symphyomyrtus
Eucalyptus incerata,Symphyomyrtus
Eucalyptus sp. Flinders Ranges (D.Nicolle 562),Symphyomyrtus
Eucalyptus ser. Subulatae,Symphyomyrtus
Eucalyptus ecostata,Symphyomyrtus
Eucalyptus wubinensis,Symphyomyrtus
Eucalyptus laevis,Symphyomyrtus
Eucalyptus alipes,Symphyomyrtus
Eucalyptus quaerenda,Symphyomyrtus
Eucalyptus spreta,Symphyomyrtus
Eucalyptus sp. Southern wheatbelt (D.Nicolle & M.French DN 5507),Symphyomyrtus
Eucalyptus luculenta,Symphyomyrtus
Eucalyptus orthostemon,Symphyomyrtus
Eucalyptus moderata,Symphyomyrtus
Eucalyptus urna,Symphyomyrtus
Eucalyptus neutra,Symphyomyrtus
Eucalyptus adesmophloia,Symphyomyrtus
Eucalyptus delicata,Symphyomyrtus
Eucalyptus sp. Mulga Rock (K.D.Hill & L.A.S.Johnson KH 2668),Symphyomyrtus
Eucalyptus kenneallyi,Symphyomyrtus
Eucalyptus sporadica,Symphyomyrtus
Eucalyptus costuligera,Symphyomyrtus
Eucalyptus wetarensis,Symphyomyrtus
Eucalyptus fitzgeraldii,Symphyomyrtus
Eucalyptus armillata,Symphyomyrtus
Eucalyptus diminuta,Symphyomyrtus
Eucalyptus infracorticata,Symphyomyrtus
Eucalyptus ser. Fruticosae,Symphyomyrtus
Eucalyptus sp. Esperance (M.EucalyptusFrench 1579),Symphyomyrtus
Eucalyptus umbellata,Symphyomyrtus
Eucalyptus calyerup,Symphyomyrtus
Eucalyptus rhomboidea,Symphyomyrtus
Eucalyptus dolichocera,Symphyomyrtus
Eucalyptus ser. Porantherae,Symphyomyrtus
Eucalyptus valens,Symphyomyrtus
Eucalyptus ser. Erectae,Symphyomyrtus
Eucalyptus adesmophloia - Eucalyptus obesa,Symphyomyrtus
Eucalyptus revelata,Symphyomyrtus
Eucalyptus vittata - Eucalyptus kondininensis,Symphyomyrtus
Eucalyptus singularis,Symphyomyrtus
Eucalyptus ser. Rufispermae,Symphyomyrtus
Eucalyptus vittata - Eucalyptus spreta,Symphyomyrtus
Eucalyptus orthostemon - Eucalyptus suggrandis,Symphyomyrtus
Eucalyptus farinosa,Symphyomyrtus
Eucalyptus alipes - Eucalyptus spathulata,Symphyomyrtus
Eucalyptus gregoryensis,Symphyomyrtus
Eucalyptus castrensis,Symphyomyrtus
Eucalyptus paralimnetica,Symphyomyrtus
Eucalyptus pleurocorys,Symphyomyrtus
Eucalyptus quinniorum,Symphyomyrtus
Eucalyptus dalveenica,Symphyomyrtus
Eucalyptus redimiculifera,Symphyomyrtus
Eucalyptus ravensthorpensis,Symphyomyrtus
Eucalyptus arcana,Symphyomyrtus
Eucalyptus viridans,Symphyomyrtus
Eucalyptus scopulorum,Symphyomyrtus
Eucalyptus broviniensis,Symphyomyrtus
Eucalyptus sp. Truslove (M.I.H.Brooker 7499),Symphyomyrtus
Eucalyptus rostrata,Symphyomyrtus
Eucalyptus xerothermica,Symphyomyrtus
Eucalyptus prolixa,Symphyomyrtus
Eucalyptus proxima,Symphyomyrtus
Eucalyptus extensa,Symphyomyrtus
Eucalyptus ser. Saxicola,Symphyomyrtus
Eucalyptus sp. Fraser Range (D.Nicolle 2157),Symphyomyrtus
Eucalyptus sp. Southern smooth-bark (D.Nicolle & M.French DN 6916),Symphyomyrtus
Eucalyptus sp. Great Victoria Desert (D.Nicolle & M.French DN 3877),Symphyomyrtus
Eucalyptus sp. Esperance (M.E.French 1579),Symphyomyrtus
Eucalyptus rhodantha var. rhodantha,Symphyomyrtus
Eucalyptus calycogona var. spaffordii,Symphyomyrtus
Eucalyptus obtusa,Symphyomyrtus
Eucalyptus pryoriana,Symphyomyrtus
Eucalyptus cygnetensis,Symphyomyrtus
Eucalyptus drepanophylla,Symphyomyrtus
Eucalyptus eucentrica,Symphyomyrtus
Eucalyptus lactea,Symphyomyrtus
Eucalyptus praecox,Symphyomyrtus
Eucalyptus brachycorys,Symphyomyrtus
Eucalyptus clelandii,Symphyomyrtus
Eucalyptus oresbia,Symphyomyrtus
Eucalyptus ecdysiastes,Symphyomyrtus
Eucalyptus lata,Symphyomyrtus
Eucalyptus sinuensis ms,Symphyomyrtus
Eucalyptus redacta,Symphyomyrtus
Eucalyptus grossifolia,Symphyomyrtus
Eucalyptus australasica,Symphyomyrtus
Eucalyptus nubila,Symphyomyrtus
Eucalyptus maidenii,Symphyomyrtus
Eucalyptus pseudoglobulus,Symphyomyrtus
Eucalyptus stjohnii,Symphyomyrtus
Eucalyptus bicostata,Symphyomyrtus
Eucalyptus pilligaensis,Symphyomyrtus
Eucalyptus brunnea,Symphyomyrtus
Eucalyptus grasbyi,Symphyomyrtus
Eucalyptus plenissima,Symphyomyrtus
Eucalyptus trachybasis,Symphyomyrtus
Eucalyptus missilis,Symphyomyrtus
Eucalyptus cometae-vallis,Symphyomyrtus
Eucalyptus miscella,Symphyomyrtus
Eucalyptus cyanoclada,Symphyomyrtus
Eucalyptus aenea,Symphyomyrtus
Eucalyptus erythrandra,Symphyomyrtus
Eucalyptus sp. nov. 'Badja Hill',Symphyomyrtus
"Eucalyptus sp. Cattai (Gregson s.n., 28 Aug 1954)",Symphyomyrtus
Eucalyptus prob. placita,Symphyomyrtus
Eucalyptus primiglauca,Symphyomyrtus
Eucalyptus tiwiana,Symphyomyrtus
Eucalyptus xanthoclada,Symphyomyrtus
Eucalyptus clelandiorium,Symphyomyrtus
Eucalyptus undulans,Symphyomyrtus
Eucalyptus argyphea,Symphyomyrtus
Eucalyptus fergusonii,Symphyomyrtus
Eucalyptus conjuncta,Symphyomyrtus
Eucalyptus peeneri,Symphyomyrtus
Eucalyptus corynocalyx,Symphyomyrtus
Eucalyptus latiuscula,Symphyomyrtus
Eucalyptus biterranea,Symphyomyrtus
Eucalyptus phylacis,Symphyomyrtus
Eucalyptus balanopelex,Symphyomyrtus
Eucalyptus continens,Symphyomyrtus
Eucalyptus balanites,Symphyomyrtus
Eucalyptus clancularia,Symphyomyrtus
Eucalyptus magna,Symphyomyrtus
Eucalyptus illucens,Symphyomyrtus
Eucalyptus triangulensis,Symphyomyrtus
Eucalyptus stanbergiana,Symphyomyrtus
Eucalyptus inconstans,Symphyomyrtus
Eucalyptus crassa,Symphyomyrtus
Eucalyptus burgmanniana,Symphyomyrtus
Eucalyptus recondita,Symphyomyrtus
Eucalyptus intrasilvatica,Symphyomyrtus
Eucalyptus casca,Symphyomyrtus
Eucalyptus hypochlamydea,Symphyomyrtus
Eucalyptus austrina,Symphyomyrtus
Eucalyptus sparsicoma,Symphyomyrtus
Eucalyptus olivacea,Symphyomyrtus
Eucalyptus fulgida,Symphyomyrtus
Eucalyptus medialis,Symphyomyrtus
Eucalyptus gratiae,Symphyomyrtus
Eucalyptus triplex,Symphyomyrtus
Eucalyptus promiscua,Symphyomyrtus
Eucalyptus crebra x,Hybrid
Eucalyptus tropica,Symphyomyrtus
Eucalyptus gymnoteles,Symphyomyrtus
Eucalyptus biturbinata,Symphyomyrtus
Eucalyptus barklyensis,Symphyomyrtus
Eucalyptus trivalvis,Symphyomyrtus
Eucalyptus crebra <--> whitei intergrade,Symphyomyrtus
Eucalyptus disclusa,Symphyomyrtus
Eucalyptus obtusa (green) <--> rudis (intergrade),Symphyomyrtus
Eucalyptus lanepoolei,Symphyomyrtus
Eucalyptus macta,Symphyomyrtus
Eucalyptus sp. nov. aff. amplifolia,Symphyomyrtus
Eucalyptus orophila,Symphyomyrtus
Eucalyptus helenae,Symphyomyrtus
Eucalyptus nortonii x,Hybrid
Eucalyptus camaldulensis s. str. <--> tereticornis,Symphyomyrtus
Eucalyptus camaldulensis <--> obtusa,Symphyomyrtus
Eucalyptus banksii - retinens,Symphyomyrtus
Eucalyptus maidenaria queries - spinud,Symphyomyrtus
Eucalyptus chloroclada <--> obtusa,Symphyomyrtus
Eucalyptus patentinervis,Symphyomyrtus
Eucalyptus notabilis - resinifera subsp. resinifera,Symphyomyrtus
Eucalyptus obtusa <--> tereticornis,Symphyomyrtus
Eucalyptus dealbata <--> obtusa,Symphyomyrtus
Eucalyptus hentyensis,Symphyomyrtus
Eucalyptus sublucida,Symphyomyrtus
Eucalyptus viridis - variant,Symphyomyrtus
Eucalyptus amplifolia subsp. amplifolia - subsp. sessiliflora,Symphyomyrtus
Eucalyptus efflorescens,Symphyomyrtus
Eucalyptus interior,Symphyomyrtus
Eucalyptus leioclada,Symphyomyrtus
Eucalyptus mallet alipes,Symphyomyrtus
Eucalyptus pulverulenta x,Hybrid
Eucalyptus polyanthemos subsp. polyanthemos,Symphyomyrtus
Eucalyptus blakelyi <--> dealbata,Symphyomyrtus
Eucalyptus sp. nov. aff. dolichorhyncha,Symphyomyrtus
Eucalyptus saxicola,Symphyomyrtus
Eucalyptus sp. Little Sandy Desert (D.Nicolle & M.French DN 4304),Symphyomyrtus
Eucalyptus solitaris,Symphyomyrtus
Eucalyptus grata,Symphyomyrtus
Eucalyptus aff. cinerea (Seaton),Symphyomyrtus
Eucalyptus sp. aff. sturgissiana,Symphyomyrtus
Eucalyptus drepanophylla,Symphyomyrtus
Eucalyptus scabra,Unknown
Eucalyptus campanifructa,Unknown
Eucalyptus sp.,Unknown
Eucalyptus,Unknown
Eucalyptus simulans,Unknown
Eucalyptus zephyrea,Unknown
Eucalyptus subtenuis,Unknown
Eucalyptus plana,Unknown
Eucalyptus taeniola,Unknown
Eucalyptus glomerifera,Unknown
Eucalyptus mesodme,Unknown
Eucalyptus pulveriramula,Unknown
Eucalyptus elachophylla,Unknown
Eucalyptus boomsmana,Unknown
Eucalyptus microcadon,Unknown
Eucalyptus cincta,Unknown
Eucalyptus caligata,Unknown
Eucalyptus brachyconcinna,Unknown
Eucalyptus macleayana,Unknown
Eucalyptus vafra,Unknown
Eucalyptus rubriramula,Unknown
Eucalyptus papyrophloia,Unknown
Eucalyptus lanceolaris,Unknown
Eucalyptus leptamba,Unknown
Eucalyptus hamptonensis,Unknown
Eucalyptus disparifolia,Unknown
Eucalyptus tortuosa,Unknown
Eucalyptus inversa,Unknown
Eucalyptus congregata,Symphyomyrtus
Eucalyptus amylophloia,Unknown
Eucalyptus durifolia,Unknown
Eucalyptus columnaris,Unknown
Eucalyptus wollemiensis ms.,Symphyomyrtus
Eucalyptus pteropleura,Unknown
Eucalyptus constans,Unknown
Eucalyptus ordeana,Unknown
Eucalyptus miophylla,Unknown
Eucalyptus roddiana,Unknown
Eucalyptus calliantha,Unknown
Eucalyptus consueloensis,Unknown
Eucalyptus kroombitensis,Unknown
Eucalyptus confinis,Unknown
Eucalyptus cana-xerothermica intergrade,Unknown
Eucalyptus cana,Unknown
Eucalyptus permixta,Unknown
Eucalyptus argentescens,Unknown
Eucalyptus scitula,Unknown
Eucalyptus pomodora,Unknown
Eucalyptus `hammonds rd',Unknown
Eucalyptus laeta,Unknown
Eucalyptus eurylampra,Unknown
Eucalyptus brettiana,Unknown
Eucalyptus acmenoides x,Hybrid
Eucalyptus dixsonii,Eucalyptus
Eucalyptus dreparophylla,Unknown
Eucalyptus petrophila,Unknown
Eucalyptus litonea,Unknown
Eucalyptus botrysaligna,Unknown
Eucalyptus nuens,Unknown
Eucalyptus densiredunca,Unknown
Eucalyptus thelepalla,Unknown
Eucalyptus commixta,Unknown
Eucalyptus subdita,Unknown
Eucalyptus diacolpica,Unknown
Eucalyptus petroleuca,Unknown
Eucalyptus abstrusa brooker ms. (brooker & slee 12890),Unknown
Eucalyptus triada brooker ms. (brooker & slee 12872),Unknown
Eucalyptus sp. Oxley Wild Rivers N.P. (L.M.Copeland 3742),Unknown
Eucalyptus referta,Unknown
Eucalyptus lerderdergensis,Unknown
Eucalyptus foedita,Unknown
Eucalyptus sp. Howes Swamp Creek (M. Doherty 26),Unknown
Eucalyptus aggregata x viminalis,Hybrid
Eucalyptus caleyi x crebra,Hybrid
Eucalyptus obliqua x nitida,Hybrid
Eucalyptus caliginosa x cameronii,Hybrid
Eucalyptus caliginosa x pauciflora,Hybrid
Eucalyptus caliginosa x mckieana,Hybrid
Eucalyptus caliginosa x stellulata,Hybrid
Eucalyptus pauciflora x radiata subsp. sejuncta,Hybrid
Eucalyptus eugenioides x stellulata,Hybrid
Eucalyptus leucoxylon x ovata,Hybrid
Eucalyptus macrorhyncha x obliqua,Hybrid
Eucalyptus delegatensis x macrorhyncha,Hybrid
Eucalyptus moorei x sclerophylla,Hybrid
Eucalyptus x tephrophloia,Hybrid
Eucalyptus muelleriana x obliqua,Hybrid
Eucalyptus nortonii x volcanica,Hybrid
Eucalyptus haemastoma x oblonga,Hybrid
Eucalyptus marginata subsp. marginata x preissiana,Hybrid
Eucalyptus mannifera subsp. mannifera x viminalis,Hybrid
Eucalyptus alba x apodophylla,Hybrid
Eucalyptus exserta x platyphylla,Hybrid
Eucalyptus coolabah subsp. excerata x melanophloia,Hybrid
Eucalyptus coolabah x melanophloia,Hybrid
Eucalyptus crebra x melanophloia,Hybrid
Eucalyptus crebra x orgadophylla,Hybrid
Eucalyptus amplifolia x blakelyi,Hybrid
Eucalyptus fibrosa x moluccana,Hybrid
Eucalyptus nubila x sideroxylon,Hybrid
Eucalyptus blakelyi x cinerea,Hybrid
Eucalyptus camaldulensis x ovata,Hybrid
Eucalyptus pseudoglobulus x tereticornis,Hybrid
Eucalyptus nobilis x saligna,Hybrid
Eucalyptus mannifera subsp. mannifera x rubida,Hybrid
Eucalyptus mannifera x lactea,Hybrid
Eucalyptus amygdalina x tenuiramis,Hybrid
Eucalyptus haemastoma x racemosa,Hybrid
Eucalyptus stellulata x youmanii,Hybrid
Eucalyptus gomphocephala x wandoo subsp. wandoo,Hybrid
Eucalyptus x mundijongensis,Hybrid
Eucalyptus prob. costata subsp. murrayana x leptophylla,Hybrid
Eucalyptus phaenophylla x vegrandis,Hybrid
Eucalyptus pauciflora x risdonii,Hybrid
Eucalyptus sieberi x stricta,Hybrid
Eucalyptus conica x polyanthemos subsp. polyanthemos,Hybrid
Eucalyptus blaxlandii x oblonga,Hybrid
Eucalyptus blaxlandii x oreades,Hybrid
Eucalyptus macrorhyncha x rossii,Hybrid
Eucalyptus melanophloia x populnea,Hybrid
Eucalyptus parramattensis subsp. parramattensis x resinifera,Hybrid
Eucalyptus stricta x triflora,Hybrid
Eucalyptus benthamii x viminalis,Hybrid
Eucalyptus blaxlandii x eugenioides,Hybrid
Eucalyptus moorei x oblonga subsp. oblonga,Hybrid
Eucalyptus dalrympleana subsp. heptantha x nova-anglica,Hybrid
Eucalyptus pauciflora x radiata,Hybrid
Eucalyptus moluccana x siderophloia,Hybrid
Eucalyptus conica x nubilis,Hybrid
Eucalyptus conica x nubila,Hybrid
Eucalyptus pauciflora x stricta,Hybrid
Eucalyptus pauciflora x radiata subsp. radiata,Hybrid
Eucalyptus moorei x stricta,Hybrid
Eucalyptus blaxlandii x moorei,Hybrid
Eucalyptus sclerophylla x stricta,Hybrid
Eucalyptus beyeriana x crebra,Hybrid
Eucalyptus microcarpa x viridis,Hybrid
Eucalyptus ovata x maculosa,Hybrid
Eucalyptus bridgesiana x viminalis,Hybrid
Eucalyptus conica x crebra,Hybrid
Eucalyptus eugenioides x radiata,Hybrid
Eucalyptus blaxlandii x rupicola,Hybrid
Eucalyptus pilularis x sparsifolia,Hybrid
Eucalyptus ligustrina x stricta,Hybrid
Eucalyptus goniocalyx x viminalis,Hybrid
Eucalyptus aggregata x rubida,Hybrid
Eucalyptus macrorhyncha x stellulata,Hybrid
Eucalyptus conica x sideroxylon,Hybrid
Eucalyptus moluccana x sideroxylon,Hybrid
Eucalyptus melliodora x sideroxylon,Hybrid
Eucalyptus albens x melliodora,Hybrid
Eucalyptus intertexta x sideroxylon,Hybrid
Eucalyptus crebra x melliodora,Hybrid
Eucalyptus moorei x piperita,Hybrid
Eucalyptus coolabah subsp. coolabah x largiflorens,Hybrid
Eucalyptus gregsoniana x stricta,Hybrid
Eucalyptus blaxlandii x ligustrina,Hybrid
Eucalyptus obstans x stricta,Hybrid
Eucalyptus apiculata x radiata,Hybrid
Eucalyptus luehmanniana x obstans,Hybrid
Eucalyptus luehmanniana x stricta,Hybrid
Eucalyptus spectatrix x obtusiflora,Hybrid
Eucalyptus conica x populnea,Hybrid
Eucalyptus pilligaensis x populnea,Hybrid
Eucalyptus bosistoana x paniculata,Hybrid
Eucalyptus moluccana x paniculata,Hybrid
Eucalyptus camaldulensis x largiflorens,Hybrid
Eucalyptus phenax x wimmerensis,Hybrid
Eucalyptus porosa x intertexta,Hybrid
Eucalyptus globoidea x pilularis,Hybrid
Eucalyptus spectatrix x sieberi,Hybrid
Eucalyptus eugenioides x pilularis,Hybrid
Eucalyptus capitellata x haemastoma,Hybrid
Eucalyptus megacarpa x staeri,Hybrid
Eucalyptus camfieldii x haemastoma,Hybrid
Eucalyptus drummondii x macrocarpa,Hybrid
Eucalyptus pteropleura x youngiana,Hybrid
Eucalyptus propinqua x resinifera subsp. resinifera,Hybrid
Eucalyptus blaxlandii x sclerophylla,Hybrid
Eucalyptus spectatrix x stricta,Hybrid
Eucalyptus brunnea x scoparia,Hybrid
Eucalyptus alba x obtusa,Hybrid
Eucalyptus revelata x uncinata,Hybrid
Eucalyptus globulus x kitsoniana,Hybrid
Eucalyptus intertexta x populnea subsp. bimbil,Hybrid
Eucalyptus austrina x uncinata,Hybrid
Eucalyptus drummondii subsp. drummondii x macrocarpa,Hybrid
Eucalyptus fibrosa x nubila,Hybrid
Eucalyptus crebra x nubila,Hybrid
Eucalyptus arachnaea subsp. arachnaea x obtusiflora subsp. ob,Hybrid
Eucalyptus carnea x signata,Hybrid
Eucalyptus astringens x platypus,Hybrid
Eucalyptus subtenuis x uncinata,Hybrid
Eucalyptus dissimulata subsp. dissimulata x subtenuis,Hybrid
Eucalyptus melanoxylon x sheathiana,Hybrid
Eucalyptus camaldulensis x yarraensis,Hybrid
Eucalyptus botryoides x tereticornis,Hybrid
Eucalyptus albens x pilligaensis,Hybrid
Eucalyptus oleosa subsp. victima x socialis,Hybrid
Eucalyptus oleosa subsp. oleosa x socialis,Hybrid
Eucalyptus oblonga x piperita,Hybrid
Eucalyptus illucens x intertexta,Hybrid
Eucalyptus odorata x percostata,Hybrid
Eucalyptus oleosa subsp. repleta x optima subsp. optima,Hybrid
Eucalyptus annulata x creta,Hybrid
Eucalyptus pauciflora x stellulata,Hybrid
Eucalyptus radiata x williamsiana,Hybrid
Eucalyptus deflexa x (platycorys -- scyphocalyx),Hybrid
Eucalyptus depauperata x grossa,Hybrid
Eucalyptus angulosa x cornuta,Hybrid
Eucalyptus angulosa x durifolia,Hybrid
Eucalyptus dives x moorei,Hybrid
Eucalyptus conspicua x ignorabilis,Hybrid
Eucalyptus rodwayi x subcrenulata,Hybrid
Eucalyptus radiata subsp. radiata x willisii subsp. willisii,Hybrid
Eucalyptus dumosa x wimmerensis,Hybrid
Eucalyptus cygnetensis x kitsoniana,Hybrid
Eucalyptus cygnetensis x viminalis,Hybrid
Eucalyptus ovata x viminalis,Hybrid
Eucalyptus bridgesiana x nortonii,Hybrid
Eucalyptus coolabah subsp. coolabah x populnea subsp. populnea,Hybrid
Eucalyptus coolabah subsp. coolabah x melanophloia,Hybrid
Eucalyptus melanophloia x microtheca,Hybrid
Eucalyptus acmenoides x cloeziana,Hybrid
Eucalyptus cosmophylla x leucoxylon,Hybrid
Eucalyptus bridgesiana x malacoxylon,Hybrid
Eucalyptus crebra x populnea subsp. bimbil,Hybrid
Eucalyptus baueriana x crebra,Hybrid
Eucalyptus bigalerita x obtusa,Hybrid
Eucalyptus arachnaea subsp. arachnaea x subangusta,Hybrid
Eucalyptus decipiens subsp. decipiens x petrensis,Hybrid
Eucalyptus phaenophylla x wandoo,Hybrid
Eucalyptus loxophleba subsp. loxophleba x wandoo subsp. wando,Hybrid
Eucalyptus caliginosa x subtilior,Hybrid
Eucalyptus obstans x triflora,Hybrid
Eucalyptus exilis subsp. exilis x pendens,Hybrid
Eucalyptus sporadica x suggrandis subsp. suggrandis,Hybrid
Eucalyptus loxophleba subsp. loxophleba x spathulata,Hybrid
Eucalyptus (cincta -- erythronema) x loxophleba,Hybrid
Eucalyptus thozetiana x populnea,Hybrid
Eucalyptus falcata subsp. kalganicola x goniantha subsp. goni,Hybrid
Eucalyptus platyphylla x tereticornis,Hybrid
Eucalyptus socialis x vicina,Hybrid
Eucalyptus victrix x xerothermica,Hybrid
Eucalyptus propinqua x siderophloia,Hybrid
Eucalyptus sideroxylon x tereticornis,Hybrid
Eucalyptus marginata subsp. marginata x staeri,Hybrid
Eucalyptus marginata subsp. cinerascens x megacarpa,Hybrid
Eucalyptus haemastoma x umbra,Hybrid
Eucalyptus bosistoana x fibrosa subsp. fibrosa,Hybrid
Eucalyptus drepanophylla x melanophloia,Hybrid
Eucalyptus drepanophylla x populnea,Hybrid
Eucalyptus drepanophylla x (a box),Hybrid
Eucalyptus brownii x drepanophylla,Hybrid
Eucalyptus drepanophylla x suffulgens,Hybrid
Eucalyptus blakelyi x sideroxylon,Hybrid
Eucalyptus leptophleba subsp. leptophleba x microneura,Hybrid
Eucalyptus camaldulensis x platyphylla,Hybrid
Eucalyptus oligantha subsp. modica x tectifica subsp. tectifi,Hybrid
Eucalyptus chlorophylla subsp. yorkiana x leptophleba subsp.,Hybrid
Eucalyptus limitaris x pruinosa subsp. pruinosa -- subsp. ten,Hybrid
Eucalyptus limitaris x tephrodes,Hybrid
Eucalyptus coolabah subsp. coolabah x intertexta,Hybrid
Eucalyptus coolabah subsp. excerata x largiflorens,Hybrid
Eucalyptus coolabah subsp. coolabah x ochrophloia,Hybrid
Eucalyptus coolabah subsp. excerata x pilligaensis,Hybrid
Eucalyptus coolabah subsp. excerata x populnea subsp. populnea,Hybrid
Eucalyptus coolabah subsp. coolabah x populnea,Hybrid
Eucalyptus pruinosa subsp. pruinosa x tropica,Hybrid
Eucalyptus pruinosa pruiten x tectifica subsp. tectifica,Hybrid
Eucalyptus largiflorens x populnea subsp. bimbil,Hybrid
Eucalyptus confluens x ordeana,Hybrid
Eucalyptus brevifolia x confluens,Hybrid
Eucalyptus leucophloia subsp. leucophloia x trivalis,Hybrid
Eucalyptus cana x xerothermica,Hybrid
Eucalyptus epruinata x microneura,Hybrid
Eucalyptus obtusa x pantoleuca,Hybrid
Eucalyptus microtheca x pruinosa subsp. pruinosa,Hybrid
Eucalyptus microtheca x pruinosa subsp. pruiten,Hybrid
Eucalyptus cyanoclada x pruinosa subsp. pruinosa,Hybrid
Eucalyptus brownii x miophylla,Hybrid
Eucalyptus orgadophila x whitei,Hybrid
Eucalyptus normantonensis x pruinosa subsp. pruinosa,Hybrid
Eucalyptus persistens x shirleyi,Hybrid
Eucalyptus brassiana x pellita,Hybrid
Eucalyptus cullenii x melanophloia,Hybrid
Eucalyptus crebra x fibrosa,Hybrid
Eucalyptus crebra x moluccana,Hybrid
Eucalyptus crebra x pilligaensis,Hybrid
Eucalyptus crebra x paniculata subsp. paniculata,Hybrid
Eucalyptus crebra x suffulgens,Hybrid
Eucalyptus crebra x viridis,Hybrid
Eucalyptus amplifolia x robusta,Hybrid
Eucalyptus amplifolia x resinifera,Hybrid
Eucalyptus amplifolia subsp. amplifolia x tereticornis,Hybrid
Eucalyptus amplifolia subsp. sessiliflora x tereticornis,Hybrid
Eucalyptus fibrosa x sideroxylon,Hybrid
Eucalyptus blakelyi x viminalis,Hybrid
Eucalyptus propinqua x resinifera subsp. hemilampra,Hybrid
Eucalyptus propinqua x resinifera subsp. hemilampra -- subsp.,Hybrid
Eucalyptus propinqua x saligna,Hybrid
Eucalyptus (biturbinata -- canaliculata) x propinqua,Hybrid
Eucalyptus biturbinata x propinqua,Hybrid
Eucalyptus biturbinata x resinifera subsp. hemilampra,Hybrid
Eucalyptus biturbinata x tereticornis,Hybrid
Eucalyptus shirleyi x drepanophylla,Hybrid
Eucalyptus dealbata x dwyeri,Hybrid
Eucalyptus dealbata x prava,Hybrid
Eucalyptus longirostrata x major,Hybrid
Eucalyptus tereticornis x vafra subsp. semisaligna,Hybrid
Eucalyptus brookeriana x viminalis,Hybrid
Eucalyptus glaucescens x viminalis,Hybrid
Eucalyptus camphora subsp. humeana x viminalis,Hybrid
Eucalyptus camphora subsp. camphora x viminalis,Hybrid
Eucalyptus barberi x ovata,Hybrid
Eucalyptus aggregata x (dalrympleana -- rubida),Hybrid
Eucalyptus crenulata x ovata,Hybrid
Eucalyptus parvula x viminalis,Hybrid
Eucalyptus nitens x nobilis,Hybrid
Eucalyptus morrisbyi x viminalis,Hybrid
Eucalyptus bridgesiana x ?,Hybrid
Eucalyptus gunnii x vernicosa,Hybrid
Eucalyptus gunnii x viminalis,Hybrid
Eucalyptus gunnii x  subcrenulata,Hybrid
Eucalyptus camaldulensis x melliodora,Hybrid
Eucalyptus camaldulensis x viminalis,Hybrid
Eucalyptus camaldulensis x gonicalyx,Hybrid
Eucalyptus fitzgeraldii x tectifica,Hybrid
Eucalyptus bridgesiana x mannifera,Hybrid
Eucalyptus bridgesiana x triplex,Hybrid
Eucalyptus aromaphloia x camaldulensis,Hybrid
Eucalyptus aromaphloia x viminalis,Hybrid
Eucalyptus corticosa x rubida subsp. rubida,Hybrid
Eucalyptus goniocalyx x mannifera subsp. maculosa,Hybrid
Eucalyptus miniata x phoenicea,Hybrid
Eucalyptus nortonii x dalrympleana,Hybrid
Eucalyptus malacoxylon x retinens,Hybrid
Eucalyptus acaciiformis x saligna,Hybrid
Eucalyptus cypellocarpa x pseudoglobulus,Hybrid
Eucalyptus cypellocarpa x nitens,Hybrid
Eucalyptus bridgesiana x cypellocarpa,Hybrid
Eucalyptus cypellocarpa x globulus,Hybrid
Eucalyptus cinerea x mannifera,Hybrid
Eucalyptus grandis x robusta,Hybrid
Eucalyptus macarthurii x viminalis,Hybrid
Eucalyptus obtusa x porosa,Hybrid
Eucalyptus camaldulensis x populnea,Hybrid
Eucalyptus camaldulensis x rubida,Hybrid
Eucalyptus gillenii x obtusa,Hybrid
Eucalyptus bicostata x viminalis,Hybrid
Eucalyptus globulus x viminalis,Hybrid
Eucalyptus globulus x ovata,Hybrid
Eucalyptus botryoides x camaldulensis,Hybrid
Eucalyptus smithii x wilcoxii,Hybrid
Eucalyptus botryoides x resinifera subsp. resinifera,Hybrid
Eucalyptus robusta x bancroftii,Hybrid
Eucalyptus notabilis x saligna,Hybrid
Eucalyptus quadrangulata x tereticornis,Hybrid
Eucalyptus morrisii x vicina,Hybrid
Eucalyptus elliptica x nova-anglica,Hybrid
Eucalyptus mannifera subsp. maculosa x viminalis,Hybrid
Eucalyptus acaciiformis x viminalis,Hybrid
Eucalyptus notabilis x punctata,Hybrid
Eucalyptus microtheca x pruinosa,Hybrid
Eucalyptus resinifera subsp. resinifera x saligna,Hybrid
Eucalyptus resinifera subsp. hemilampra x tereticornis,Hybrid
Eucalyptus exserta x tereticornis,Hybrid
Eucalyptus mannifera subsp. mannifera x ovata,Hybrid
Eucalyptus dalrympleana x mannifera subsp. mannifera,Hybrid
Eucalyptus prob. microcarpa x populnea subsp. bimbil,Hybrid
Eucalyptus microcarpa x polybractea,Hybrid
Eucalyptus atrata x exserta,Hybrid
Eucalyptus paedoglauca x shirleyi,Hybrid
Eucalyptus pellita x tereticornis,Hybrid
Eucalyptus grossa x eremophila,Hybrid
Eucalyptus andrewsii x caliginosa,Hybrid
Eucalyptus robertsonii x rossii,Hybrid
Eucalyptus prob. robertsonii x rossii,Hybrid
Eucalyptus kruseana x loxophleba subsp. lissophloia,Hybrid
Eucalyptus loxophleba subsp. loxosup x wandoo subsp. pulver,Hybrid
Eucalyptus loxophleba subsp. loxophleba x vegrandis,Hybrid
Eucalyptus brockwayi x salmonophloia,Hybrid
Eucalyptus longicornis x salmonophloia,Hybrid
Eucalyptus prob. grasbyi x ventricosa,Hybrid
Eucalyptus oleosa subsp. repleta x yumbarrana,Hybrid
Eucalyptus oleosa subsp. repleta x transcontinentalis,Hybrid
Eucalyptus oleosa subsp. oleosa x yalatensis,Hybrid
Eucalyptus oleosa subsp. wylieana x yalatensis,Hybrid
Eucalyptus banksii x retinens,Hybrid
Eucalyptus falcata subsp. falcata x ornata,Hybrid
Eucalyptus falcata subsp. extenta x kessellii subsp. eugnosta,Hybrid
Eucalyptus decipiens x petrensis,Hybrid
Eucalyptus eucentrica -- yumbarrana x peeneri,Hybrid
Eucalyptus preissiana x staeri,Hybrid
Eucalyptus conica x pilligaensis,Hybrid
Eucalyptus conica x populnea subsp. bimbil,Hybrid
Eucalyptus conica x coolabah subsp. excerata,Hybrid
Eucalyptus conica x melliodora,Hybrid
Eucalyptus argophloia x microcarpa,Hybrid
Eucalyptus mannifera subsp. maculosa x nortonii,Hybrid
Eucalyptus bosistoana x tricarpa,Hybrid
Eucalyptus bosistoana x crebra,Hybrid
Eucalyptus bosistoana x fibrosa,Hybrid
Eucalyptus bosistoana x melliodora,Hybrid
Eucalyptus baueriana x (prob.) beyeriana,Hybrid
Eucalyptus baueriana x beyeriana,Hybrid
Eucalyptus intertexta x pilligaensis,Hybrid
Eucalyptus contracta x sphaerocarpa,Hybrid
Eucalyptus acmenoides x pilularis,Hybrid
Eucalyptus acmenoides x (stringybark),Hybrid
Eucalyptus pilularis x planchoniana,Hybrid
Eucalyptus pilularis x piperita,Hybrid
Eucalyptus pilularis x tindaliae,Hybrid
Eucalyptus cameronii x eugenioides,Hybrid
Eucalyptus cameronii x laevopinea,Hybrid
Eucalyptus albens x polyanthemos subsp. polyanthemos,Hybrid
Eucalyptus leucoxylon x melliodora,Hybrid
Eucalyptus elata x radiata,Hybrid
Eucalyptus elata x sieberi,Hybrid
Eucalyptus fastigata x radiata,Hybrid
Eucalyptus paniculata subsp. paniculata x placita,Hybrid
Eucalyptus fergusonii subsp. fergusonii x paniculata subsp. p,Hybrid
Eucalyptus globoidea x tindaliae,Hybrid
Eucalyptus globoidea x radiata subsp. radiata,Hybrid
Eucalyptus globoidea x sieberi,Hybrid
Eucalyptus globoidea x pauciflora,Hybrid
Eucalyptus globoidea x sparsifolia,Hybrid
Eucalyptus piperita x racemosa,Hybrid
Eucalyptus piperita x rossii,Hybrid
Eucalyptus piperita x sclerophylla,Hybrid
Eucalyptus piperita x sieberi,Hybrid
Eucalyptus piperita x stricta,Hybrid
Eucalyptus albens x sideroxylon subsp. sideroxylon,Hybrid
Eucalyptus albens x sideroxylon,Hybrid
Eucalyptus albens x viridis,Hybrid
Eucalyptus urceolaris x sclerophylla,Hybrid
Eucalyptus nitida x obliqua,Hybrid
Eucalyptus obliqua x tenuiramis,Hybrid
Eucalyptus obliqua x radiata,Hybrid
Eucalyptus obliqua x pulchella,Hybrid
Eucalyptus dalrympleana subsp. dalrympleana x chapmaniana,Hybrid
Eucalyptus dalrympleana subsp. dalrympleana x gunnii,Hybrid
Eucalyptus dalrympleana subsp. dalrympleana x rubida subsp. r,Hybrid
Eucalyptus chlorophylla subsp. chlorophylla x pruinosa subsp.,Hybrid
Eucalyptus accedens x incrassata,Hybrid
Eucalyptus eugenioides x tindaliae,Hybrid
Eucalyptus eugenioides x macrorhyncha,Hybrid
Eucalyptus macrorhyncha x tenella,Hybrid
Eucalyptus ligustrina x moorei,Hybrid
Eucalyptus ligustrina x piperita,Hybrid
Eucalyptus ligustrina x rupicola,Hybrid
Eucalyptus ligustrina x radiata,Hybrid
Eucalyptus ligustrina x oblonga subsp. oblonga,Hybrid
Eucalyptus ligustrina x youmanii,Hybrid
Eucalyptus oreades x piperita,Hybrid
Eucalyptus apiculata -- stricta x luehmanniana,Hybrid
Eucalyptus dendromorpha x rupicola,Hybrid
Eucalyptus obstans -- stricta x triflora,Hybrid
Eucalyptus obstans x sieberi,Hybrid
Eucalyptus stricta x pauciflora,Hybrid
Eucalyptus delegatensis x pauciflora,Hybrid
Eucalyptus radiata subsp. radiata x sieberi,Hybrid
Eucalyptus elata x radiata subsp. radiata,Hybrid
Eucalyptus prob. radiata subsp. radiata x stricta,Hybrid
Eucalyptus beyeriana x sideroxylon,Hybrid
Eucalyptus apiculata -- stricta x burgessiana,Hybrid
Eucalyptus cunninghamii x stricta,Hybrid
Eucalyptus robertsonii subsp. robertsonii x rossii,Hybrid
Eucalyptus pauciflora x robertsonii,Hybrid
Eucalyptus pauciflora x sieberi,Hybrid
Eucalyptus eugenioides x globoidea,Hybrid
Eucalyptus eugenioides x sparsifolia,Hybrid
Eucalyptus capitellata x pilularis,Hybrid
Eucalyptus capitellata x oblonga,Hybrid
Eucalyptus capitellata x oblongata,Hybrid
Eucalyptus capitellata x piperita,Hybrid
Eucalyptus capitellata x piperita subsp. piperita,Hybrid
Eucalyptus gregsoniana x sclerophylla,Hybrid
Eucalyptus gregsoniana x sieberi,Hybrid
Eucalyptus sparsifolia x sclerophylla,Hybrid
Eucalyptus oblonga x racemosa,Hybrid
Eucalyptus leucoxylon x microcarpa,Hybrid
Eucalyptus leucoxylon x porosa,Hybrid
Eucalyptus cygnetensis x ovata,Hybrid
Eucalyptus melanophloia x crebra,Hybrid
Eucalyptus blaxlandii x piperita subsp. piperita,Hybrid
Eucalyptus laevopinea x pauciflora subsp. pauciflora,Hybrid
Eucalyptus laevopinea x sp. aff. sparsifolia,Hybrid
Eucalyptus laevopinea x obliqua,Hybrid
Eucalyptus laevopinea x stellulata,Hybrid
Eucalyptus camaldulensis x leucoxylon,Hybrid
Eucalyptus chloroclada x tereticornis,Hybrid
Eucalyptus chloroclada x blakelyi,Hybrid
Eucalyptus melliodora x populnea subsp. bimbil,Hybrid
Eucalyptus melliodora x orgadophila,Hybrid
Eucalyptus melliodora x siderophloia,Hybrid
Eucalyptus melliodora x viridis,Hybrid
Eucalyptus microcarpa x sideroxylon,Hybrid
Eucalyptus baxteri x diversifolia,Hybrid
Eucalyptus fasciculosa x leucoxylon,Hybrid
Eucalyptus melanophloia x melliodora,Hybrid
Eucalyptus melanophloia x orgadophila,Hybrid
Eucalyptus melanophloia x sideroxylon,Hybrid
Eucalyptus melanophloia x shirleyi,Hybrid
Eucalyptus loxophleba subsp. loxophleba x rudis,Hybrid
Eucalyptus melanophloia x normantonensis,Hybrid
Eucalyptus melanophloia x whitei,Hybrid
Eucalyptus camaldulensis x porosa,Hybrid
Eucalyptus persistens subsp. persistens x thozetiana,Hybrid
Eucalyptus populnea subsp. bimbil x viridis,Hybrid
Eucalyptus camaldulensis x populnea subsp. bimbil,Hybrid
Eucalyptus cambageana x melanophloia,Hybrid
Eucalyptus intertexta x viridis,Hybrid
Eucalyptus intertexta x largiflorens,Hybrid
Eucalyptus intertexta x melanophloia,Hybrid
Eucalyptus polybractea x viridis,Hybrid
Eucalyptus froggattii x viridis,Hybrid
Eucalyptus leucoxylon subsp. leucoxylon x porosa,Hybrid
Eucalyptus leucoxylon x sideroxylon,Hybrid
Eucalyptus leucoxylon x odorata,Hybrid
Eucalyptus camaldulensis x dealbata,Hybrid
Eucalyptus dives x rossii,Hybrid
Eucalyptus dives x tenella,Hybrid
Eucalyptus dives x radiata subsp. robertsonii,Hybrid
Eucalyptus dives x stellulata,Hybrid
Eucalyptus (coccifera -- nitida) x pauciflora,Hybrid
Eucalyptus planchoniana x pyrocarpa,Hybrid
Eucalyptus eugenioides x pauciflora,Hybrid
Eucalyptus eugenioides x sclerophylla,Hybrid
Eucalyptus macrorhyncha x sparsifolia,Hybrid
Eucalyptus macrorhyncha x radiata subsp. robertsonii,Hybrid
Eucalyptus macrorhyncha x yangoura,Hybrid
Eucalyptus cannonii x sparsifolia,Hybrid
Eucalyptus cannonii x tenella,Hybrid
Eucalyptus mimica x suggrandis subsp. alipes,Hybrid
Eucalyptus laevopinea x youmanii,Hybrid
Eucalyptus consideniana x piperita,Hybrid
Eucalyptus sieberi x sparsifolia,Hybrid
Eucalyptus sieberi x luehmanniana,Hybrid
Eucalyptus campanulata x laevopinea,Hybrid
Eucalyptus campanulata x radiata subsp. radiata,Hybrid
Eucalyptus obtusa x platyphylla,Hybrid
Eucalyptus amygdalina x coccifera,Hybrid
Eucalyptus prob. amygdalina x coccifera,Hybrid
Eucalyptus amygdalina x pauciflora,Hybrid
Eucalyptus amygdalina x pulchella,Hybrid
Eucalyptus prob. amygdalina x tasmaniensis,Hybrid
Eucalyptus signata x carnea,Hybrid
Eucalyptus racemosa x umbra,Hybrid
Eucalyptus costata x sp.,Hybrid
Eucalyptus angulosa x rugosa,Hybrid
Eucalyptus moorei x radiata subsp. radiata,Hybrid
Eucalyptus sclerophylla x moorei,Hybrid
Eucalyptus stellulata x tenella,Hybrid
Eucalyptus haemastoma x oreades,Hybrid
Eucalyptus haemastoma x sieberi,Hybrid
Eucalyptus haemastoma x multicaulis,Hybrid
Eucalyptus haemastoma x piperita,Hybrid
Eucalyptus moorei x piperita subsp. pipertia,Hybrid
Eucalyptus moorei x pauciflora,Hybrid
Eucalyptus longifolia x robusta,Hybrid
Eucalyptus longifolia x punctata,Hybrid
Eucalyptus longifolia x propinqua,Hybrid
Eucalyptus longifolia x tereticornis,Hybrid
Eucalyptus prob. cosmophylla x zephyrea,Hybrid
Eucalyptus lehmannii subsp. arcta x talyuberlup,Hybrid
Eucalyptus lehmannii subsp. arcta x macrandra,Hybrid
Eucalyptus lehmannii subsp. arcta x sporadica,Hybrid
Eucalyptus prob. cornuta x macranda,Hybrid
Eucalyptus deanei x mannifera subsp. gullickii,Hybrid
Eucalyptus deanei x propinqua,Hybrid
Eucalyptus brunnea x saligna,Hybrid
Eucalyptus medialis x wandoo subsp. wandoo,Hybrid
Eucalyptus cincterythrea x tenera,Hybrid
Eucalyptus depauperata x suggrandis subsp. alipes,Hybrid
Eucalyptus (cincta -- erythronema) x tenera,Hybrid
Eucalyptus pluricaulis x wandoo,Hybrid
Eucalyptus desmondensis x phaenophylla,Hybrid
Eucalyptus capillosa subsp. capillosa x provinulosa,Hybrid
Eucalyptus capillosa subsp. capillosa x subangusta,Hybrid
Eucalyptus prob. capillosa subsp. polyclada x phaenophylla,Hybrid
Eucalyptus arachnaea subsp. arachnaea x incrassata,Hybrid
Eucalyptus phaenophylla x incrassata,Hybrid
Eucalyptus phaenophylla x recondita,Hybrid
Eucalyptus canescens x vokesensis,Hybrid
Eucalyptus ewartiana x leptopoda subsp. elevata,Hybrid
Eucalyptus fastigata x obliqua,Hybrid
Eucalyptus orbifolia x sessilis,Hybrid
Eucalyptus lane-poolei x relicta,Hybrid
Eucalyptus drummondii subsp. drummondii x rudis,Hybrid
Eucalyptus macrocarpa x pyriformis,Hybrid
Eucalyptus prob. flocktoniae x longicornis,Hybrid
Eucalyptus prob. flocktoniae x oleosa subsp. oleosa,Hybrid
Eucalyptus corynocalyx x zephyrea,Hybrid
Eucalyptus leptopoda subsp. leptopoda x websteriana subsp. we,Hybrid
Eucalyptus celastroides subsp. virella x yilgarnensis subsp.,Hybrid
Eucalyptus lesouefii x pterocarpa,Hybrid
Eucalyptus brachycalyx x diacolpica,Hybrid
Eucalyptus concinna x platycorys,Hybrid
Eucalyptus griffithsii x lesouefii,Hybrid
Eucalyptus griffithsii x torquata,Hybrid
Eucalyptus prob. leptocalyx subsp. petilipes x scyphocalyx su,Hybrid
Eucalyptus prob. captiosa subsp. x tetraptera,Hybrid
Eucalyptus incrassata x tetraptera,Hybrid
Eucalyptus incrassata x (sp. of reduncae),Hybrid
Eucalyptus prob. angulosa x cornuta,Hybrid
Eucalyptus angulosa x disparifolia,Hybrid
Eucalyptus angulosa x tetraptera,Hybrid
Eucalyptus angulosa x crassa,Hybrid
Eucalyptus ceratocorys x platycorys,Hybrid
Eucalyptus stoatei x tetraptera,Hybrid
Eucalyptus glomerifera x pluricaulis subsp. pluricaulis,Hybrid
Eucalyptus leptamba x yilgarnensis subsp. yilgarnensis,Hybrid
Eucalyptus prob. cyanophylla x dumosa,Hybrid
Eucalyptus preissiana x sepulcralis,Hybrid
Eucalyptus dumosa x socialis,Hybrid
Eucalyptus erectifolia x marginata subsp. marginata,Hybrid
Eucalyptus erectifolia x pachyloma,Hybrid
Eucalyptus ligulata x buprestium,Hybrid
Eucalyptus exilis subsp. meiantha x marginata subsp. marginat,Hybrid
Eucalyptus buprestium x marginata subsp. marginata,Hybrid
Eucalyptus brupestrium x marginata subsp. marginata,Hybrid
Eucalyptus buprestium x staeri,Hybrid
Eucalyptus buprestium x ligulata subsp. altidisca,Hybrid
Eucalyptus oleosa x socialis,Hybrid
Eucalyptus cornuta x incrassata,Hybrid
Eucalyptus apodophylla x bigalerita,Hybrid
Eucalyptus obliqua x serraensis,Hybrid
Eucalyptus ecdysiastes x loxophleba,Hybrid
Eucalyptus pilularis x umbra,Hybrid
Eucalyptus grandis x propinqua,Hybrid
Eucalyptus grandis x tereticornis,Hybrid
Eucalyptus rodwayi x dalrymplea,Hybrid
Eucalyptus amplifolia subsp. sessiliflora x blakelyi,Hybrid
Eucalyptus coccifera x delegatensis,Hybrid
Eucalyptus resinifera x paramattensis subsp. decadens,Hybrid
Eucalyptus absita x loxophleba,Hybrid
Eucalyptus crebra x populnea,Hybrid
Eucalyptus willisii x stringybark,Hybrid
Eucalyptus fastigata x pauciflora,Hybrid
Eucalyptus camfieldii x capitellata,Hybrid
Eucalyptus pilligaensis x prob. populnea,Hybrid
Eucalyptus brownii x populnea,Hybrid
Eucalyptus bridgesiana x alacoxylon,Hybrid
Eucalyptus amplifolia x tereticornis,Hybrid
Eucalyptus crebra x decorticans,Hybrid
Eucalyptus scoparia x viminalis,Hybrid
Eucalyptus grandis x pellita,Hybrid
Eucalyptus glaucina x tereticornis,Hybrid
Eucalyptus stellulata x stringybark,Hybrid
Eucalyptus chlorophylla x pruinosa,Hybrid
Eucalyptus camaldulensis subsp. acuta x platyphylla,Hybrid
Eucalyptus tereticornis x alba,Hybrid
Eucalyptus x desquamata,Hybrid
Eucalyptus parramattensis subsp. decadens x robusta,Hybrid
Eucalyptus melanoleuca -- suffulgens,Angophora
Eucalyptus peninsularis -- socialis,Corymbia
Eucalyptus globoidea -- yangoura,Eucalyptus
Eucalyptus dendromorpha -- stricta,Eucalyptus
Eucalyptus caliginosa -- laevopinea,Eucalyptus
Eucalyptus agglomerata -- globoidea,Eucalyptus
Eucalyptus agglomerata -- ligustrina,Eucalyptus
Eucalyptus globoidea -- oblonga,Eucalyptus
Eucalyptus dendromorpha -- triflora,Eucalyptus
Eucalyptus caliginosa -- eugenioides,Eucalyptus
Eucalyptus caliginosa -- stellulata,Eucalyptus
Eucalyptus agglomerata -- sparsifolia,Eucalyptus
Eucalyptus sparsifolia -- agglomerata,Eucalyptus
Eucalyptus globoidea -- eugenioides,Eucalyptus
Eucalyptus globoidea -- sparsifolia,Eucalyptus
Eucalyptus baxteri -- serraensis,Eucalyptus
Eucalyptus eugenoides -- globoidea,Eucalyptus
Eucalyptus pilularis -- pyrocarpa,Eucalyptus
Eucalyptus cannonii -- macrorhyncha,Eucalyptus
Eucalyptus sparsifolia -- oblonga,Eucalyptus
Eucalyptus apiculata -- stricta,Eucalyptus
Eucalyptus debeuzevillei -- pauciflora,Eucalyptus
Eucalyptus sparsifolia -- tenella,Eucalyptus
Eucalyptus apiculata -- stricta x luehmanniana,Eucalyptus
Eucalyptus obstans -- stricta,Eucalyptus
Eucalyptus sparsifolia -- stellulata,Eucalyptus
Eucalyptus niphophila -- pauciflora,Eucalyptus
Eucalyptus debeuzevillei -- niphophila,Eucalyptus
Eucalyptus debeuzevillei <--> niphophila <--> pauciflora,Eucalyptus
Eucalyptus capitellata--camfieldii,Eucalyptus
Eucalyptus haemastoma -- racemosa,Eucalyptus
Eucalyptus macrorhyncha <--> subtilior,Eucalyptus
Eucalyptus eudesmioides -- gittinsii,Eudesmia
Eucalyptus gamophylla -- odontocarpa,Eudesmia
Eucalyptus gittinsii -- tetragona,Eudesmia
Eucalyptus (cincta -- erythronema) x loxophleba,Hybrid
Eucalyptus limitaris x pruinosa subsp. pruinosa -- subsp. ten,Hybrid
Eucalyptus propinqua x resinifera subsp. hemilampra -- subsp.,Hybrid
Eucalyptus (biturbinata -- canaliculata) x propinqua,Hybrid
Eucalyptus obstans -- stricta x triflora,Hybrid
Eucalyptus apiculata -- stricta x burgessiana,Hybrid
Eucalyptus (coccifera -- nitida) x pauciflora,Hybrid
Eucalyptus deflexa x (platycorys -- scyphocalyx),Hybrid
Eucalyptus aggregata x (dalrympleana -- rubida),Hybrid
Eucalyptus coccifera -- nitida,Monocalyptus
Eucalyptus amygdalina -- nitida,Monocalyptus
Eucalyptus pulchella -- tenuiramis,Monocalyptus
Eucalyptus risdonii -- tenuiramis,Monocalyptus
Eucalyptus caligata -- ecdysiastes,Symphyomyrtus
Eucalyptus amylophloia -- kumarlensis subsp. elaeoides,Symphyomyrtus
Eucalyptus blakelyi -- tereticornis,Symphyomyrtus
Eucalyptus blakelyi -- dealbata,Symphyomyrtus
Eucalyptus camphora subsp. humeana -- ovata subsp. ovata,Symphyomyrtus
Eucalyptus obtusa -- rudis,Symphyomyrtus
Eucalyptus globulus -- pseudoglobulus,Symphyomyrtus
Eucalyptus botryoides -- saligna,Symphyomyrtus
Eucalyptus camaldulensis -- chloroclada,Symphyomyrtus
Eucalyptus cincta -- erythronema,Symphyomyrtus
Eucalyptus camaldulensis -- tereticornis,Symphyomyrtus
Eucalyptus blakelyi -- dwyeri,Symphyomyrtus
Eucalyptus biturbinata -- canaliculata,Symphyomyrtus
Eucalyptus dealbata -- dwyeri,Symphyomyrtus
Eucalyptus canaliculata -- punctata,Symphyomyrtus
Eucalyptus conglobata -- dumosa -- diacolpica,Symphyomyrtus
Eucalyptus ecdysiastes -- revelata,Symphyomyrtus
Eucalyptus chloroclada -- camaldulensis,Symphyomyrtus
Eucalyptus dumosa -- triangulensis,Symphyomyrtus
Eucalyptus angulosa -- incrassata,Symphyomyrtus
Eucalyptus brachycalyx -- pleurocorys,Symphyomyrtus
Eucalyptus ecdysiastes -- hypochlamydea,Symphyomyrtus
Eucalyptus amylophloia -- salicola,Symphyomyrtus
Eucalyptus concinna -- griffithsii,Symphyomyrtus
Eucalyptus concinna -- planipes,Symphyomyrtus
Eucalyptus medialis -- xanthonema,Symphyomyrtus
Eucalyptus camaldulensis -- dealbata,Symphyomyrtus
Eucalyptus blakelyi -- camaldulensis intergrade,Symphyomyrtus
Eucalyptus (concinna -- planipes) -- planipes,Symphyomyrtus
Eucalyptus flocktoniae -- neutra,Symphyomyrtus
Eucalyptus brevifolia -- rupestris,Symphyomyrtus
Eucalyptus barklyensis -- victrix,Symphyomyrtus
Eucalyptus crebra <--> whitei intergrade,Symphyomyrtus
Eucalyptus capillosa ssp. capillosa -- nigrifunda,Symphyomyrtus
Eucalyptus albens -- microcarpa,Symphyomyrtus
Eucalyptus rubida subsp. rubida -- septemflora,Symphyomyrtus
Eucalyptus blakelyi -- promiscua,Symphyomyrtus
Eucalyptus distans -- oligantha,Symphyomyrtus
Eucalyptus obtusa (green) <--> rudis (intergrade),Symphyomyrtus
Eucalyptus leucophylla -- tropica,Symphyomyrtus
Eucalyptus coolabah subsp. coolabah -- microtheca subsp. micr,Symphyomyrtus
Eucalyptus coolabah subsp. arida -- victrix,Symphyomyrtus
Eucalyptus cyanoclada -- helenae,Symphyomyrtus
Eucalyptus cyanoclada -- microtheca,Symphyomyrtus
Eucalyptus cyanoclada -- victrix,Symphyomyrtus
Eucalyptus gymnoteles -- victrix,Symphyomyrtus
Eucalyptus crebra -- cullenii,Symphyomyrtus
Eucalyptus crebra -- drepanophylla,Symphyomyrtus
Eucalyptus amplifolia subsp. amplifolia -- tereticornis,Symphyomyrtus
Eucalyptus amplifolia -- glaucina,Symphyomyrtus
Eucalyptus major -- propinqua,Symphyomyrtus
Eucalyptus blakelyi -- chloroclada,Symphyomyrtus
Eucalyptus biturbinata -- longirostrata,Symphyomyrtus
Eucalyptus punctata subsp. punctata -- scias subsp. scias,Symphyomyrtus
Eucalyptus camaldulensis s. str. <--> tereticornis,Symphyomyrtus
Eucalyptus camaldulensis -- dwyeri,Symphyomyrtus
Eucalyptus camaldulensis <--> obtusa,Symphyomyrtus
Eucalyptus maidenii -- pseudoglobulus,Symphyomyrtus
Eucalyptus bicostata -- pseudoglobulus,Symphyomyrtus
Eucalyptus chloroclada <--> obtusa,Symphyomyrtus
Eucalyptus camaldulensis -- rudis,Symphyomyrtus
Eucalyptus bicostata -- globulus,Symphyomyrtus
Eucalyptus obtusa <--> tereticornis,Symphyomyrtus
Eucalyptus dealbata <--> obtusa,Symphyomyrtus
Eucalyptus microcarpa -- moluccana,Symphyomyrtus
Eucalyptus microcarpa -- odorata,Symphyomyrtus
Eucalyptus camaldulensis -- vicina,Symphyomyrtus
Eucalyptus occidentalis -- sporadica,Symphyomyrtus
Eucalyptus medialis -- plana,Symphyomyrtus
Eucalyptus extensa -- protensa,Symphyomyrtus
Eucalyptus (cincta -- erythronema) x tenera,Symphyomyrtus
Eucalyptus (cincta -- erythronema) -- erythronema,Symphyomyrtus
Eucalyptus accedens -- pruiniramis,Symphyomyrtus
Eucalyptus perhaps brachycalyx -- melanoxylon,Symphyomyrtus
Eucalyptus brachycalyx -- rugosa,Symphyomyrtus
Eucalyptus concinna -- (concinna -- planipes),Symphyomyrtus
Eucalyptus griffithsii -- planipes,Symphyomyrtus
Eucalyptus forrestiana -- stoatei,Symphyomyrtus
Eucalyptus salicola -- stanbergiana,Symphyomyrtus
Eucalyptus crassa -- glomerifera,Symphyomyrtus
Eucalyptus calycogona subsp. orientis -- gracilis subsp. grac,Symphyomyrtus
Eucalyptus cyanophylla -- dumosa,Symphyomyrtus
Eucalyptus dumosa -- percostata,Symphyomyrtus
Eucalyptus suggrandis subsp. alipes -- vegrandis,Symphyomyrtus
Eucalyptus mimica -- (suggrandis subsp. alipes -- subsp. sugg,Symphyomyrtus
Eucalyptus blakelyi <--> dealbata,Symphyomyrtus
Eucalyptus botryoides -- punctata,Symphyomyrtus
Eucalyptus malacoxylon -- bridgesiana,Symphyomyrtus
Eucalyptus dwyeri -- morrisii,Symphyomyrtus
Eucalyptus dwyeri -- vicina,Symphyomyrtus
Eucalyptus crebra -- siderophloia,Symphyomyrtus
Eucalyptus microcarpa -- pilligaensis,Symphyomyrtus
Eucalyptus ravida -- salubris,Symphyomyrtus
Eucalyptus burracoppinensis -- oldfieldii,Symphyomyrtus
Eucalyptus fraseri subsp. fraseri -- spreta,Symphyomyrtus
Eucalyptus leptocalyx -- scyphocalyx,Symphyomyrtus
Eucalyptus largiflorens -- populnea subsp. bimbil,Symphyomyrtus
Eucalyptus interstans -- prava,Symphyomyrtus
Eucalyptus ravida -- tortilis,Symphyomyrtus
Eucalyptus socialis -- yalatensis,Symphyomyrtus
Eucalyptus gillii -- socialis,Symphyomyrtus
Eucalyptus eucentrica -- yumbarrana x peeneri,Symphyomyrtus
Eucalyptus eucentrica -- yumbarrana,Symphyomyrtus
Eucalyptus grandis -- saligna,Symphyomyrtus
Eucalyptus clelandii -- lesouefii,Symphyomyrtus
Eucalyptus spathulata -- vegrandis,Symphyomyrtus
Eucalyptus angulosa -- costata subsp. costata,Symphyomyrtus
Eucalyptus conglobata -- diacolpica,Symphyomyrtus
Eucalyptus leptamba -- quadrans,Symphyomyrtus
Eucalyptus histophylla -- tumida,Symphyomyrtus
Eucalyptus diptera -- salubris,Symphyomyrtus
Eucalyptus albens -- moluccana,Symphyomyrtus
Eucalyptus austrina -- dissimulata subsp. dissimulata,Symphyomyrtus
Eucalyptus longirostrata -- propinqua,Symphyomyrtus
Eucalyptus falcata subsp. kalganicola -- goniantha subsp. gon,Symphyomyrtus
Eucalyptus platycorys -- scyphocalyx subsp. scyphocalyx,Symphyomyrtus
Eucalyptus dissimulata -- mesodme,Symphyomyrtus
Eucalyptus platycorys -- scyphocalyx subsp. triadica,Symphyomyrtus
Eucalyptus aspratilis -- sporadica,Symphyomyrtus
Eucalyptus hypochlamydea -- stanbergiana,Symphyomyrtus
Eucalyptus gratiae -- loxophleba subsp. lissophloia,Symphyomyrtus
Eucalyptus argyphea -- ornata,Symphyomyrtus
Eucalyptus bancroftii -- seeana,Symphyomyrtus
Eucalyptus salubris -- tortilis,Symphyomyrtus
Eucalyptus diptera -- tortilis,Symphyomyrtus
Eucalyptus pileata -- tenuis,Symphyomyrtus
Eucalyptus ovata -- yarraensis,Symphyomyrtus
Eucalyptus chloroclada -- dealbata,Symphyomyrtus
Eucalyptus notabilis -- (resinifera subsp. hemilampra -- subs,Symphyomyrtus
Eucalyptus subcrenulata -- vernicosa,Symphyomyrtus
Eucalyptus resinifera subsp. resinifera -- scias subsp. calli,Symphyomyrtus
Eucalyptus resinifera subsp. hemilampra -- subsp. resinifera,Symphyomyrtus
Eucalyptus subangusta subsp. pusilla -- subangusta subsp. sub,Symphyomyrtus
Eucalyptus longicornis -- oleosa subsp. repleta,Symphyomyrtus
Eucalyptus eremicola -- peeneri,Symphyomyrtus
Eucalyptus eremicola -- sublucida,Symphyomyrtus
Eucalyptus eremicola -- trichopoda,Symphyomyrtus
Eucalyptus kochii -- plenissima,Symphyomyrtus
Eucalyptus peeneri -- sublucida,Symphyomyrtus
Eucalyptus fusiformis -- tetrapleura,Symphyomyrtus
Eucalyptus dalrympleana subsp. dalrympleana -- subsp. viminal,Symphyomyrtus
Eucalyptus brownii -- populnea subsp. populnea,Symphyomyrtus
Eucalyptus dura -- suffulgens,Symphyomyrtus
Eucalyptus cacuminalis -- xerothermica,Symphyomyrtus
Eucalyptus ochrophloia -- thozetiana,Symphyomyrtus
Eucalyptus leucoxylon subsp. leucoxylon -- megalocarpa,Symphyomyrtus
Eucalyptus continens -- suggrandis subsp. alipes,Symphyomyrtus
Eucalyptus continens -- suggrandis subsp. (alipes -- suggrand,Symphyomyrtus
Eucalyptus glaucina -- tereticornis,Symphyomyrtus
Eucalyptus lehmannii subsp. parallela -- subsp. lehmannii,Symphyomyrtus
